,subject,predicate,object
0,9436,HAS_ROUTE,9487
1,9567,HAS_ROUTE,8637
2,16588,ON_CONTINENT,17250
3,9214,HAS_ROUTE,8642
4,8748,HAS_ROUTE,8694
5,8853,HAS_ROUTE,8640
6,9037,HAS_ROUTE,8634
7,8797,HAS_ROUTE,9908
8,8702,HAS_ROUTE,9450
9,12926,ON_CONTINENT,17252
10,8702,HAS_ROUTE,8972
11,14055,IN_COUNTRY,17227
12,9185,ON_CONTINENT,17248
13,9478,HAS_ROUTE,8854
14,13847,IN_COUNTRY,17135
15,9726,ON_CONTINENT,17248
16,12731,IN_REGION,15510
17,8796,HAS_ROUTE,8705
18,9218,HAS_ROUTE,8641
19,9145,HAS_ROUTE,10792
20,13670,ON_CONTINENT,17253
21,9315,HAS_ROUTE,8791
22,8684,HAS_ROUTE,10929
23,10085,IN_REGION,16227
24,12299,ON_CONTINENT,17248
25,8676,HAS_ROUTE,9114
26,8992,HAS_ROUTE,8762
27,10911,IN_CITY,14321
28,10219,IN_COUNTRY,17053
29,9696,IN_COUNTRY,17016
30,8909,IN_CITY,12395
31,8877,IN_COUNTRY,17036
32,8729,HAS_ROUTE,9283
33,9921,HAS_ROUTE,11899
34,9562,IN_COUNTRY,17016
35,10212,HAS_ROUTE,8758
36,10563,HAS_ROUTE,8888
37,8648,HAS_ROUTE,9496
38,8748,HAS_ROUTE,8840
39,8808,IN_CITY,12299
40,9177,ON_CONTINENT,17249
41,8715,HAS_ROUTE,8767
42,10253,HAS_ROUTE,10256
43,8880,HAS_ROUTE,8913
44,10503,IN_REGION,16167
45,8815,HAS_ROUTE,8648
46,14813,IN_COUNTRY,17143
47,11041,IN_REGION,16613
48,9237,IN_COUNTRY,17016
49,9137,HAS_ROUTE,9410
50,9201,HAS_ROUTE,10799
51,8864,HAS_ROUTE,9900
52,9165,HAS_ROUTE,8950
53,9679,IN_CITY,13132
54,8649,HAS_ROUTE,8682
55,9098,HAS_ROUTE,10518
56,10023,IN_REGION,16203
57,10465,HAS_ROUTE,9789
58,12717,IN_REGION,15752
59,10225,HAS_ROUTE,9211
60,9085,HAS_ROUTE,8874
61,15027,IN_REGION,15490
62,9842,HAS_ROUTE,9420
63,16771,ON_CONTINENT,17250
64,13786,IN_REGION,15518
65,8816,HAS_ROUTE,8820
66,8834,HAS_ROUTE,9206
67,9443,HAS_ROUTE,9442
68,8739,HAS_ROUTE,8678
69,8809,HAS_ROUTE,8660
70,8634,HAS_ROUTE,9037
71,9187,HAS_ROUTE,9353
72,12241,IN_REGION,15577
73,14609,IN_COUNTRY,17053
74,9201,HAS_ROUTE,8642
75,9332,ON_CONTINENT,17250
76,13406,ON_CONTINENT,17251
77,9489,HAS_ROUTE,8674
78,8675,HAS_ROUTE,8979
79,9035,HAS_ROUTE,8668
80,8769,HAS_ROUTE,9181
81,8812,HAS_ROUTE,8639
82,9303,HAS_ROUTE,8911
83,10867,IN_REGION,16568
84,16796,IN_COUNTRY,17027
85,8912,IN_COUNTRY,17103
86,8673,HAS_ROUTE,8831
87,9199,HAS_ROUTE,8666
88,11660,IN_CITY,15051
89,14683,IN_COUNTRY,17044
90,8765,HAS_ROUTE,8962
91,8656,HAS_ROUTE,9542
92,8705,HAS_ROUTE,8797
93,8833,ON_CONTINENT,17250
94,9362,HAS_ROUTE,8682
95,8956,HAS_ROUTE,8797
96,10073,HAS_ROUTE,10063
97,10554,ON_CONTINENT,17249
98,9077,HAS_ROUTE,9286
99,9175,HAS_ROUTE,8931
100,12237,IN_COUNTRY,17027
101,9187,HAS_ROUTE,8695
102,8678,HAS_ROUTE,9119
103,8684,HAS_ROUTE,8693
104,9203,IN_COUNTRY,17150
105,9238,HAS_ROUTE,8644
106,16186,ON_CONTINENT,17252
107,13299,IN_REGION,15618
108,9047,HAS_ROUTE,8636
109,8715,HAS_ROUTE,9108
110,9320,HAS_ROUTE,8963
111,9364,ON_CONTINENT,17250
112,8803,HAS_ROUTE,8729
113,9299,HAS_ROUTE,11600
114,9056,HAS_ROUTE,8630
115,9135,IN_REGION,15811
116,16787,IN_COUNTRY,17044
117,9284,HAS_ROUTE,9352
118,8797,HAS_ROUTE,9119
119,10122,HAS_ROUTE,9303
120,8657,HAS_ROUTE,8656
121,11906,ON_CONTINENT,17250
122,8964,HAS_ROUTE,8710
123,14703,IN_REGION,16750
124,8877,HAS_ROUTE,8788
125,8700,HAS_ROUTE,8963
126,9015,HAS_ROUTE,8814
127,10828,IN_CITY,14239
128,8780,HAS_ROUTE,9798
129,9041,IN_CITY,12523
130,9755,IN_COUNTRY,17016
131,8684,HAS_ROUTE,9802
132,8696,HAS_ROUTE,8874
133,15196,IN_REGION,16572
134,11505,IN_REGION,15943
135,8792,HAS_ROUTE,8674
136,8911,HAS_ROUTE,8727
137,9230,HAS_ROUTE,8787
138,8761,HAS_ROUTE,8681
139,8768,HAS_ROUTE,9452
140,8748,HAS_ROUTE,8963
141,8686,HAS_ROUTE,8631
142,9167,HAS_ROUTE,8686
143,8627,HAS_ROUTE,9253
144,8691,HAS_ROUTE,9653
145,8790,HAS_ROUTE,9794
146,8678,HAS_ROUTE,8798
147,12032,IN_REGION,16178
148,8879,HAS_ROUTE,8885
149,13586,ON_CONTINENT,17250
150,14477,IN_COUNTRY,17042
151,8668,HAS_ROUTE,8631
152,12009,ON_CONTINENT,17249
153,11269,IN_COUNTRY,17114
154,9890,HAS_ROUTE,8968
155,8821,HAS_ROUTE,8637
156,10539,IN_COUNTRY,17090
157,13543,ON_CONTINENT,17250
158,8684,HAS_ROUTE,8827
159,10791,IN_REGION,16540
160,8909,IN_REGION,15498
161,12298,IN_COUNTRY,17016
162,8901,HAS_ROUTE,8722
163,8810,IN_COUNTRY,17016
164,14485,IN_REGION,16639
165,11996,IN_CITY,15366
166,8648,HAS_ROUTE,8680
167,8869,HAS_ROUTE,10807
168,9858,HAS_ROUTE,9352
169,9550,HAS_ROUTE,8655
170,8788,HAS_ROUTE,9366
171,9660,HAS_ROUTE,9336
172,9387,HAS_ROUTE,11032
173,8690,HAS_ROUTE,11601
174,10576,HAS_ROUTE,9106
175,13246,ON_CONTINENT,17250
176,8986,HAS_ROUTE,11181
177,9408,HAS_ROUTE,10151
178,9101,HAS_ROUTE,8832
179,10186,HAS_ROUTE,8760
180,8694,HAS_ROUTE,8901
181,10184,HAS_ROUTE,11083
182,8868,IN_REGION,15514
183,12183,ON_CONTINENT,17250
184,8963,HAS_ROUTE,10698
185,11410,IN_CITY,14808
186,9136,HAS_ROUTE,11278
187,8766,HAS_ROUTE,8677
188,9302,HAS_ROUTE,8687
189,14565,IN_COUNTRY,17107
190,13807,IN_COUNTRY,17046
191,8927,IN_REGION,15501
192,9279,HAS_ROUTE,8832
193,9117,HAS_ROUTE,8720
194,10651,HAS_ROUTE,9230
195,9156,HAS_ROUTE,8804
196,9139,HAS_ROUTE,8945
197,10015,HAS_ROUTE,9145
198,8722,HAS_ROUTE,8793
199,8676,HAS_ROUTE,9934
200,10356,HAS_ROUTE,8741
201,9124,HAS_ROUTE,8677
202,14403,IN_COUNTRY,17016
203,8795,HAS_ROUTE,8677
204,9456,HAS_ROUTE,10529
205,9413,HAS_ROUTE,8799
206,12638,IN_COUNTRY,17019
207,14091,IN_REGION,16474
208,8955,HAS_ROUTE,8805
209,8648,HAS_ROUTE,8684
210,10118,HAS_ROUTE,9303
211,8902,HAS_ROUTE,8787
212,8673,HAS_ROUTE,8638
213,9303,HAS_ROUTE,8697
214,8692,HAS_ROUTE,9630
215,8690,HAS_ROUTE,11921
216,8820,HAS_ROUTE,8804
217,14641,IN_COUNTRY,17155
218,10122,HAS_ROUTE,9507
219,16714,IN_COUNTRY,17240
220,12695,IN_REGION,15877
221,8933,HAS_ROUTE,8643
222,8972,HAS_ROUTE,11348
223,15732,ON_CONTINENT,17252
224,8828,HAS_ROUTE,8767
225,8782,HAS_ROUTE,8783
226,8701,HAS_ROUTE,8716
227,8711,HAS_ROUTE,8633
228,16433,IN_COUNTRY,17197
229,8767,HAS_ROUTE,9452
230,8813,HAS_ROUTE,8811
231,8973,HAS_ROUTE,9141
232,9432,HAS_ROUTE,8720
233,10722,IN_COUNTRY,17016
234,9761,HAS_ROUTE,10467
235,8802,HAS_ROUTE,8832
236,8659,HAS_ROUTE,8648
237,8960,HAS_ROUTE,9460
238,10668,HAS_ROUTE,10680
239,8699,HAS_ROUTE,8734
240,8874,HAS_ROUTE,9412
241,8772,HAS_ROUTE,8978
242,13109,IN_REGION,16074
243,8910,HAS_ROUTE,9262
244,9320,HAS_ROUTE,8692
245,9136,HAS_ROUTE,8710
246,8699,HAS_ROUTE,9851
247,11059,IN_REGION,16625
248,8719,HAS_ROUTE,9080
249,8661,HAS_ROUTE,8647
250,13510,IN_COUNTRY,17040
251,8833,HAS_ROUTE,11401
252,9407,HAS_ROUTE,9316
253,8945,HAS_ROUTE,8702
254,8739,HAS_ROUTE,9166
255,9449,HAS_ROUTE,9804
256,8652,HAS_ROUTE,8636
257,10728,ON_CONTINENT,17248
258,8659,HAS_ROUTE,9015
259,13075,ON_CONTINENT,17251
260,9353,HAS_ROUTE,9187
261,8876,HAS_ROUTE,8694
262,8684,HAS_ROUTE,8734
263,8687,HAS_ROUTE,10142
264,15879,ON_CONTINENT,17252
265,10539,IN_REGION,16404
266,8964,HAS_ROUTE,8721
267,8879,HAS_ROUTE,9102
268,9956,ON_CONTINENT,17250
269,12209,IN_REGION,15767
270,12867,IN_COUNTRY,17023
271,10133,HAS_ROUTE,8963
272,8938,HAS_ROUTE,8711
273,9453,IN_CITY,12911
274,9910,IN_CITY,13347
275,14985,IN_REGION,16086
276,8678,HAS_ROUTE,8945
277,8913,HAS_ROUTE,8700
278,8677,HAS_ROUTE,9529
279,9281,IN_REGION,15894
280,13792,ON_CONTINENT,17252
281,8631,HAS_ROUTE,8650
282,8644,HAS_ROUTE,8892
283,8876,HAS_ROUTE,11531
284,9348,HAS_ROUTE,9949
285,8676,HAS_ROUTE,8644
286,8696,HAS_ROUTE,9139
287,10104,HAS_ROUTE,10150
288,9365,HAS_ROUTE,8684
289,9338,HAS_ROUTE,9300
290,8636,HAS_ROUTE,9023
291,9375,HAS_ROUTE,8831
292,9607,HAS_ROUTE,9978
293,11750,IN_CITY,15139
294,10012,HAS_ROUTE,9137
295,8877,HAS_ROUTE,9160
296,8831,HAS_ROUTE,9359
297,9039,HAS_ROUTE,10171
298,9135,HAS_ROUTE,9077
299,8639,HAS_ROUTE,9521
300,8876,HAS_ROUTE,10128
301,12390,ON_CONTINENT,17248
302,14536,IN_REGION,15859
303,12447,ON_CONTINENT,17250
304,8651,HAS_ROUTE,9005
305,8816,HAS_ROUTE,9685
306,15762,ON_CONTINENT,17248
307,8675,HAS_ROUTE,8913
308,11037,IN_REGION,16609
309,9402,HAS_ROUTE,8731
310,9228,IN_COUNTRY,17087
311,9060,HAS_ROUTE,8673
312,9263,HAS_ROUTE,9130
313,8776,HAS_ROUTE,8657
314,11834,ON_CONTINENT,17248
315,9068,HAS_ROUTE,10440
316,8856,HAS_ROUTE,9121
317,9061,HAS_ROUTE,8633
318,8690,HAS_ROUTE,9295
319,8738,HAS_ROUTE,8832
320,9327,HAS_ROUTE,8831
321,15368,ON_CONTINENT,17249
322,8787,HAS_ROUTE,8735
323,16244,IN_COUNTRY,17053
324,13136,IN_COUNTRY,17129
325,16752,IN_COUNTRY,17044
326,10595,IN_CITY,14018
327,16326,IN_COUNTRY,17228
328,8878,HAS_ROUTE,8955
329,8919,ON_CONTINENT,17248
330,9803,HAS_ROUTE,9807
331,10046,IN_COUNTRY,17019
332,13137,IN_REGION,16092
333,14461,ON_CONTINENT,17250
334,8682,HAS_ROUTE,8824
335,12989,IN_REGION,15906
336,9329,HAS_ROUTE,9670
337,8886,HAS_ROUTE,9147
338,12010,ON_CONTINENT,17250
339,10663,ON_CONTINENT,17252
340,14513,IN_COUNTRY,17053
341,8907,HAS_ROUTE,8709
342,8643,HAS_ROUTE,8988
343,8680,HAS_ROUTE,8925
344,8700,HAS_ROUTE,8713
345,8718,HAS_ROUTE,10034
346,10989,IN_CITY,14399
347,15619,IN_COUNTRY,17032
348,8727,HAS_ROUTE,9829
349,9100,HAS_ROUTE,8964
350,9259,IN_CITY,12724
351,15027,ON_CONTINENT,17248
352,8963,HAS_ROUTE,8700
353,12316,IN_REGION,15635
354,8711,HAS_ROUTE,8639
355,8729,HAS_ROUTE,9112
356,9428,HAS_ROUTE,8751
357,14361,IN_REGION,15490
358,8675,HAS_ROUTE,8706
359,8736,HAS_ROUTE,8955
360,8738,HAS_ROUTE,8972
361,10119,HAS_ROUTE,9531
362,10065,HAS_ROUTE,8712
363,9299,HAS_ROUTE,8925
364,13809,IN_REGION,16142
365,9360,HAS_ROUTE,9357
366,11923,IN_COUNTRY,17031
367,10064,HAS_ROUTE,10075
368,8802,HAS_ROUTE,9461
369,9435,HAS_ROUTE,8772
370,9101,HAS_ROUTE,8696
371,13241,IN_REGION,16013
372,8839,HAS_ROUTE,8675
373,16112,IN_COUNTRY,17126
374,8741,HAS_ROUTE,8706
375,10752,HAS_ROUTE,10390
376,13643,IN_COUNTRY,17053
377,16106,ON_CONTINENT,17250
378,9416,HAS_ROUTE,8794
379,13349,IN_REGION,15511
380,8636,HAS_ROUTE,8646
381,8664,HAS_ROUTE,8813
382,8699,IN_CITY,12198
383,9119,HAS_ROUTE,9181
384,8911,HAS_ROUTE,8683
385,10082,HAS_ROUTE,9048
386,8787,HAS_ROUTE,8798
387,9875,HAS_ROUTE,8674
388,8728,HAS_ROUTE,11348
389,9488,ON_CONTINENT,17250
390,8910,HAS_ROUTE,8698
391,9177,HAS_ROUTE,8736
392,9482,HAS_ROUTE,8677
393,8828,HAS_ROUTE,8797
394,9950,HAS_ROUTE,9771
395,8633,HAS_ROUTE,8641
396,8812,HAS_ROUTE,8660
397,9629,HAS_ROUTE,11943
398,9812,IN_REGION,16116
399,9158,HAS_ROUTE,8701
400,11341,ON_CONTINENT,17250
401,10956,IN_REGION,15490
402,11636,IN_REGION,15885
403,8657,HAS_ROUTE,8702
404,8698,HAS_ROUTE,8902
405,8968,HAS_ROUTE,8928
406,15891,ON_CONTINENT,17251
407,8741,HAS_ROUTE,9077
408,15555,ON_CONTINENT,17249
409,8729,HAS_ROUTE,11289
410,8776,HAS_ROUTE,8627
411,8678,HAS_ROUTE,9149
412,9900,HAS_ROUTE,8815
413,8678,HAS_ROUTE,8769
414,8705,HAS_ROUTE,8671
415,12670,IN_COUNTRY,17106
416,9832,ON_CONTINENT,17250
417,9587,HAS_ROUTE,8643
418,9858,HAS_ROUTE,8716
419,8901,HAS_ROUTE,8677
420,12866,IN_REGION,15563
421,13797,ON_CONTINENT,17249
422,8762,HAS_ROUTE,9526
423,15438,IN_COUNTRY,17170
424,8649,HAS_ROUTE,8638
425,14115,IN_REGION,16496
426,8739,HAS_ROUTE,9123
427,8636,HAS_ROUTE,8703
428,10469,IN_REGION,16102
429,8963,HAS_ROUTE,11918
430,9816,HAS_ROUTE,11900
431,17024,ON_CONTINENT,17250
432,8637,HAS_ROUTE,8864
433,9077,HAS_ROUTE,9352
434,9439,HAS_ROUTE,8787
435,8737,HAS_ROUTE,8679
436,9077,HAS_ROUTE,8765
437,8900,HAS_ROUTE,9352
438,8731,HAS_ROUTE,8673
439,8758,HAS_ROUTE,8641
440,8775,HAS_ROUTE,9499
441,8675,HAS_ROUTE,8966
442,9906,HAS_ROUTE,9864
443,8803,HAS_ROUTE,10055
444,9300,IN_CITY,12764
445,9309,IN_REGION,15913
446,9696,HAS_ROUTE,9010
447,8790,HAS_ROUTE,9812
448,9320,HAS_ROUTE,11531
449,8917,HAS_ROUTE,8632
450,9114,HAS_ROUTE,9997
451,8937,HAS_ROUTE,8710
452,8678,HAS_ROUTE,8830
453,8865,HAS_ROUTE,8922
454,8813,HAS_ROUTE,10714
455,9583,IN_CITY,13038
456,8967,IN_REGION,15728
457,9985,HAS_ROUTE,10556
458,16428,IN_COUNTRY,17180
459,8644,HAS_ROUTE,9545
460,11071,IN_REGION,15957
461,10110,HAS_ROUTE,12071
462,8668,HAS_ROUTE,8672
463,8675,HAS_ROUTE,8929
464,14597,ON_CONTINENT,17253
465,16818,IN_COUNTRY,17242
466,8676,HAS_ROUTE,8763
467,16881,IN_COUNTRY,17093
468,12394,IN_REGION,15683
469,8686,HAS_ROUTE,8804
470,13574,IN_REGION,16231
471,8938,HAS_ROUTE,8678
472,8778,HAS_ROUTE,8643
473,8749,HAS_ROUTE,10495
474,8886,HAS_ROUTE,9427
475,8640,HAS_ROUTE,9595
476,8701,HAS_ROUTE,8639
477,8973,HAS_ROUTE,8902
478,8698,HAS_ROUTE,9112
479,11618,IN_CITY,15013
480,9939,HAS_ROUTE,10047
481,9847,IN_CITY,13285
482,10380,IN_COUNTRY,17046
483,8760,HAS_ROUTE,8759
484,8963,HAS_ROUTE,9664
485,8630,HAS_ROUTE,8922
486,11583,ON_CONTINENT,17250
487,16548,IN_COUNTRY,17098
488,8725,HAS_ROUTE,8696
489,12910,IN_COUNTRY,17187
490,10509,IN_CITY,13933
491,16411,IN_COUNTRY,17090
492,8709,HAS_ROUTE,8774
493,10011,IN_COUNTRY,17032
494,9077,HAS_ROUTE,8945
495,12959,IN_COUNTRY,17016
496,8656,HAS_ROUTE,8668
497,14850,ON_CONTINENT,17250
498,8713,HAS_ROUTE,9136
499,10703,HAS_ROUTE,8812
500,8646,HAS_ROUTE,8819
501,8980,HAS_ROUTE,8695
502,9488,HAS_ROUTE,8944
503,8884,HAS_ROUTE,9410
504,9291,HAS_ROUTE,9295
505,8694,HAS_ROUTE,8676
506,8768,HAS_ROUTE,8729
507,8922,HAS_ROUTE,9071
508,9707,HAS_ROUTE,10704
509,9554,HAS_ROUTE,9529
510,8913,HAS_ROUTE,9108
511,15197,IN_COUNTRY,17106
512,8944,HAS_ROUTE,8881
513,9528,HAS_ROUTE,10129
514,8714,HAS_ROUTE,8802
515,8668,HAS_ROUTE,8653
516,8693,HAS_ROUTE,11923
517,10356,HAS_ROUTE,8964
518,13977,IN_REGION,16416
519,9618,HAS_ROUTE,8857
520,15133,ON_CONTINENT,17248
521,9047,HAS_ROUTE,8671
522,8677,HAS_ROUTE,8678
523,9158,HAS_ROUTE,9117
524,10310,HAS_ROUTE,8747
525,16722,IN_COUNTRY,17113
526,14076,IN_COUNTRY,17139
527,9010,IN_CITY,12492
528,9127,HAS_ROUTE,9128
529,16478,ON_CONTINENT,17252
530,14797,IN_REGION,16813
531,8966,HAS_ROUTE,8675
532,8960,HAS_ROUTE,8949
533,8795,HAS_ROUTE,10009
534,8677,HAS_ROUTE,8874
535,11421,IN_REGION,16827
536,9108,HAS_ROUTE,8724
537,8640,HAS_ROUTE,9001
538,10968,IN_CITY,14378
539,8679,HAS_ROUTE,9148
540,14553,IN_COUNTRY,17053
541,9045,HAS_ROUTE,8646
542,14027,IN_COUNTRY,17233
543,10537,HAS_ROUTE,8960
544,8978,IN_REGION,15739
545,9320,HAS_ROUTE,9956
546,8687,HAS_ROUTE,9309
547,14124,IN_REGION,15502
548,9316,HAS_ROUTE,9083
549,9994,HAS_ROUTE,9135
550,8812,HAS_ROUTE,8657
551,12436,ON_CONTINENT,17252
552,8824,HAS_ROUTE,9770
553,8746,HAS_ROUTE,11379
554,8807,HAS_ROUTE,8637
555,8736,HAS_ROUTE,10006
556,10194,HAS_ROUTE,11207
557,8728,HAS_ROUTE,8769
558,15181,IN_REGION,15490
559,9419,HAS_ROUTE,10757
560,11852,ON_CONTINENT,17248
561,9969,ON_CONTINENT,17250
562,8732,HAS_ROUTE,9136
563,9892,HAS_ROUTE,8856
564,15726,IN_COUNTRY,17076
565,9081,HAS_ROUTE,8900
566,9080,HAS_ROUTE,8886
567,9304,HAS_ROUTE,10123
568,8746,HAS_ROUTE,9949
569,8644,HAS_ROUTE,9046
570,8850,HAS_ROUTE,10540
571,8677,HAS_ROUTE,8644
572,9426,HAS_ROUTE,9158
573,9141,HAS_ROUTE,10389
574,14823,ON_CONTINENT,17250
575,14570,IN_REGION,15869
576,11187,ON_CONTINENT,17253
577,12318,IN_REGION,15637
578,8673,HAS_ROUTE,8998
579,11857,IN_CITY,15243
580,9359,HAS_ROUTE,8697
581,8803,HAS_ROUTE,11947
582,9063,HAS_ROUTE,8661
583,8719,ON_CONTINENT,17249
584,8888,HAS_ROUTE,9160
585,8929,HAS_ROUTE,8841
586,10661,ON_CONTINENT,17252
587,13176,ON_CONTINENT,17248
588,8639,HAS_ROUTE,9527
589,9531,HAS_ROUTE,8876
590,8807,HAS_ROUTE,8673
591,9206,ON_CONTINENT,17248
592,14916,ON_CONTINENT,17250
593,9419,HAS_ROUTE,9844
594,9697,HAS_ROUTE,9696
595,9315,HAS_ROUTE,9316
596,9239,HAS_ROUTE,8644
597,10719,HAS_ROUTE,8816
598,10171,IN_COUNTRY,17057
599,9435,HAS_ROUTE,9262
600,13999,IN_REGION,16204
601,8748,HAS_ROUTE,11446
602,10333,IN_COUNTRY,17225
603,8741,HAS_ROUTE,9164
604,9922,IN_CITY,13359
605,9584,HAS_ROUTE,8643
606,9436,HAS_ROUTE,8690
607,9504,HAS_ROUTE,8646
608,10792,IN_CITY,14206
609,8655,HAS_ROUTE,9017
610,16951,IN_COUNTRY,17245
611,12182,IN_COUNTRY,17016
612,9897,HAS_ROUTE,8766
613,11794,IN_CITY,15183
614,8828,HAS_ROUTE,8724
615,8824,HAS_ROUTE,9483
616,11059,IN_COUNTRY,17042
617,10746,HAS_ROUTE,9842
618,8656,HAS_ROUTE,8647
619,13943,IN_COUNTRY,17109
620,8673,HAS_ROUTE,9060
621,8706,HAS_ROUTE,8887
622,9416,HAS_ROUTE,9419
623,13416,IN_REGION,15552
624,8680,HAS_ROUTE,8679
625,9117,HAS_ROUTE,8705
626,9119,HAS_ROUTE,8824
627,8995,HAS_ROUTE,8672
628,9751,HAS_ROUTE,8993
629,9180,HAS_ROUTE,8824
630,9291,HAS_ROUTE,9345
631,8736,HAS_ROUTE,9179
632,8684,HAS_ROUTE,8695
633,8662,IN_REGION,15509
634,9305,HAS_ROUTE,8697
635,13723,IN_COUNTRY,17118
636,10281,IN_REGION,16294
637,8804,HAS_ROUTE,8806
638,8706,HAS_ROUTE,8954
639,11082,ON_CONTINENT,17253
640,8701,HAS_ROUTE,8737
641,12277,ON_CONTINENT,17248
642,8808,HAS_ROUTE,8664
643,8713,HAS_ROUTE,10016
644,8865,HAS_ROUTE,8643
645,8693,HAS_ROUTE,10110
646,9111,HAS_ROUTE,8879
647,10175,IN_CITY,13603
648,8705,HAS_ROUTE,8951
649,9288,HAS_ROUTE,8685
650,8907,HAS_ROUTE,8648
651,10442,IN_REGION,15748
652,10146,HAS_ROUTE,9329
653,8856,HAS_ROUTE,9093
654,10982,ON_CONTINENT,17248
655,9921,HAS_ROUTE,9021
656,8946,HAS_ROUTE,9191
657,9125,HAS_ROUTE,9139
658,8767,HAS_ROUTE,8828
659,8832,HAS_ROUTE,9133
660,9284,HAS_ROUTE,8972
661,9419,HAS_ROUTE,9485
662,9114,HAS_ROUTE,8970
663,9473,HAS_ROUTE,8733
664,9348,HAS_ROUTE,8747
665,8787,HAS_ROUTE,8638
666,10422,HAS_ROUTE,9068
667,9670,HAS_ROUTE,9487
668,8952,HAS_ROUTE,8877
669,9906,HAS_ROUTE,9161
670,9035,ON_CONTINENT,17248
671,8711,HAS_ROUTE,8676
672,11069,ON_CONTINENT,17250
673,8739,HAS_ROUTE,8955
674,8758,HAS_ROUTE,8702
675,8678,HAS_ROUTE,8747
676,10155,HAS_ROUTE,8693
677,11620,IN_COUNTRY,17016
678,8864,HAS_ROUTE,8641
679,13775,IN_COUNTRY,17177
680,9139,HAS_ROUTE,9129
681,10130,HAS_ROUTE,8690
682,10296,HAS_ROUTE,9448
683,10577,IN_CITY,14000
684,10654,IN_COUNTRY,17139
685,9342,HAS_ROUTE,8682
686,10032,HAS_ROUTE,8797
687,12395,IN_REGION,15498
688,8637,HAS_ROUTE,8998
689,9295,HAS_ROUTE,9305
690,11405,IN_COUNTRY,17027
691,12093,IN_CITY,15454
692,8703,HAS_ROUTE,8787
693,8649,HAS_ROUTE,8656
694,8856,HAS_ROUTE,9429
695,9084,HAS_ROUTE,9340
696,8831,HAS_ROUTE,9193
697,11291,ON_CONTINENT,17250
698,8877,HAS_ROUTE,8714
699,10062,ON_CONTINENT,17248
700,8813,HAS_ROUTE,8671
701,8787,HAS_ROUTE,8938
702,8721,HAS_ROUTE,10004
703,11328,ON_CONTINENT,17250
704,10402,ON_CONTINENT,17251
705,8721,HAS_ROUTE,9414
706,8642,HAS_ROUTE,8792
707,8627,HAS_ROUTE,9218
708,11384,IN_COUNTRY,17124
709,9824,HAS_ROUTE,8772
710,9114,HAS_ROUTE,8902
711,8726,HAS_ROUTE,8840
712,10575,IN_REGION,16206
713,9553,HAS_ROUTE,9303
714,8979,HAS_ROUTE,8685
715,16346,IN_COUNTRY,17046
716,13961,ON_CONTINENT,17252
717,8831,HAS_ROUTE,9296
718,8852,ON_CONTINENT,17252
719,14427,IN_COUNTRY,17168
720,8717,HAS_ROUTE,8739
721,13540,IN_REGION,16076
722,9827,HAS_ROUTE,8780
723,11501,IN_REGION,15943
724,14927,ON_CONTINENT,17250
725,8833,HAS_ROUTE,11400
726,8850,HAS_ROUTE,9457
727,8895,HAS_ROUTE,8642
728,8766,HAS_ROUTE,9427
729,9396,IN_REGION,15913
730,8952,ON_CONTINENT,17249
731,8905,HAS_ROUTE,8733
732,9251,IN_CITY,12717
733,10437,HAS_ROUTE,11643
734,9295,HAS_ROUTE,8925
735,9740,IN_COUNTRY,17016
736,17210,ON_CONTINENT,17250
737,8661,HAS_ROUTE,8834
738,8833,HAS_ROUTE,9831
739,8814,HAS_ROUTE,8644
740,9434,HAS_ROUTE,8735
741,8867,HAS_ROUTE,8647
742,16000,IN_COUNTRY,17141
743,13456,IN_COUNTRY,17072
744,14456,ON_CONTINENT,17250
745,9211,HAS_ROUTE,10215
746,15333,IN_REGION,16955
747,15005,IN_REGION,15490
748,9895,IN_REGION,16158
749,9079,HAS_ROUTE,8787
750,8767,HAS_ROUTE,10367
751,10739,IN_COUNTRY,17020
752,10235,ON_CONTINENT,17253
753,16413,ON_CONTINENT,17252
754,9219,HAS_ROUTE,8986
755,10159,HAS_ROUTE,11930
756,8710,HAS_ROUTE,8800
757,9789,HAS_ROUTE,10505
758,9314,ON_CONTINENT,17250
759,9297,HAS_ROUTE,9194
760,11129,IN_REGION,15865
761,9560,HAS_ROUTE,8644
762,9126,HAS_ROUTE,10740
763,9175,HAS_ROUTE,8921
764,9221,IN_CITY,12691
765,15007,ON_CONTINENT,17252
766,9598,HAS_ROUTE,12109
767,8726,HAS_ROUTE,9334
768,8804,HAS_ROUTE,8662
769,9302,HAS_ROUTE,9339
770,9742,HAS_ROUTE,8630
771,9161,HAS_ROUTE,9852
772,8905,HAS_ROUTE,9108
773,11140,IN_COUNTRY,17053
774,9162,HAS_ROUTE,8856
775,11953,IN_CITY,15325
776,8754,HAS_ROUTE,8790
777,12244,ON_CONTINENT,17249
778,8785,HAS_ROUTE,10973
779,12031,IN_COUNTRY,17065
780,13285,IN_COUNTRY,17064
781,8925,HAS_ROUTE,11922
782,8970,HAS_ROUTE,9425
783,10044,ON_CONTINENT,17249
784,9676,HAS_ROUTE,9048
785,9668,HAS_ROUTE,11433
786,11698,IN_COUNTRY,17208
787,8667,HAS_ROUTE,9788
788,8856,HAS_ROUTE,9150
789,16908,ON_CONTINENT,17248
790,16193,ON_CONTINENT,17249
791,8801,HAS_ROUTE,8796
792,9319,HAS_ROUTE,9291
793,8806,HAS_ROUTE,9676
794,9225,HAS_ROUTE,8638
795,9015,HAS_ROUTE,10171
796,15012,IN_COUNTRY,17018
797,8832,HAS_ROUTE,8741
798,8678,HAS_ROUTE,8800
799,12853,IN_COUNTRY,17023
800,9210,HAS_ROUTE,8759
801,8968,HAS_ROUTE,8787
802,16993,ON_CONTINENT,17250
803,8729,HAS_ROUTE,11312
804,9827,HAS_ROUTE,9290
805,9321,HAS_ROUTE,9325
806,8792,HAS_ROUTE,10498
807,8734,HAS_ROUTE,8767
808,8871,HAS_ROUTE,8634
809,8881,HAS_ROUTE,8702
810,8728,HAS_ROUTE,9824
811,9174,IN_REGION,15831
812,9635,IN_REGION,15523
813,12990,IN_COUNTRY,17016
814,8869,HAS_ROUTE,8642
815,8741,ON_CONTINENT,17249
816,9158,HAS_ROUTE,9114
817,9219,HAS_ROUTE,11191
818,10789,IN_REGION,16538
819,10658,IN_CITY,14080
820,8692,HAS_ROUTE,9599
821,8788,HAS_ROUTE,8678
822,9710,ON_CONTINENT,17248
823,11028,IN_COUNTRY,17079
824,9408,HAS_ROUTE,9304
825,9415,HAS_ROUTE,8824
826,8657,HAS_ROUTE,12065
827,8916,HAS_ROUTE,8792
828,8671,HAS_ROUTE,8633
829,9419,HAS_ROUTE,8793
830,8676,HAS_ROUTE,8956
831,8725,HAS_ROUTE,8635
832,9653,HAS_ROUTE,8707
833,9659,HAS_ROUTE,10114
834,13893,ON_CONTINENT,17248
835,9854,HAS_ROUTE,9161
836,10033,ON_CONTINENT,17249
837,8802,HAS_ROUTE,8877
838,8869,HAS_ROUTE,8638
839,15449,IN_COUNTRY,17031
840,16382,IN_COUNTRY,17031
841,8939,HAS_ROUTE,8800
842,8765,HAS_ROUTE,8824
843,9906,HAS_ROUTE,9456
844,10765,HAS_ROUTE,8702
845,9860,IN_CITY,13298
846,9413,HAS_ROUTE,8970
847,8644,HAS_ROUTE,8699
848,8906,IN_REGION,15506
849,8955,HAS_ROUTE,8799
850,13302,IN_COUNTRY,17020
851,8637,HAS_ROUTE,8757
852,8955,HAS_ROUTE,8973
853,10207,HAS_ROUTE,8733
854,8811,HAS_ROUTE,8644
855,8828,HAS_ROUTE,10207
856,9647,IN_COUNTRY,17030
857,9395,ON_CONTINENT,17250
858,10437,HAS_ROUTE,8843
859,10293,ON_CONTINENT,17252
860,10947,IN_COUNTRY,17016
861,8657,HAS_ROUTE,8649
862,10906,IN_CITY,14317
863,8787,HAS_ROUTE,9487
864,9320,ON_CONTINENT,17250
865,9513,IN_CITY,12971
866,13894,ON_CONTINENT,17248
867,8710,HAS_ROUTE,9113
868,8638,HAS_ROUTE,9229
869,8696,HAS_ROUTE,8862
870,11510,ON_CONTINENT,17250
871,8877,HAS_ROUTE,8787
872,11963,IN_COUNTRY,17244
873,8715,HAS_ROUTE,8696
874,11142,ON_CONTINENT,17253
875,10376,HAS_ROUTE,8736
876,9793,HAS_ROUTE,9187
877,11097,ON_CONTINENT,17253
878,8916,HAS_ROUTE,8725
879,8649,HAS_ROUTE,8815
880,8658,HAS_ROUTE,8635
881,11781,ON_CONTINENT,17248
882,13614,IN_COUNTRY,17054
883,9892,HAS_ROUTE,9108
884,8705,HAS_ROUTE,8736
885,9143,HAS_ROUTE,8887
886,8722,HAS_ROUTE,8703
887,9527,HAS_ROUTE,11636
888,8735,HAS_ROUTE,9434
889,10270,IN_REGION,16290
890,8769,HAS_ROUTE,8719
891,8639,HAS_ROUTE,8669
892,13746,IN_COUNTRY,17050
893,10131,HAS_ROUTE,9335
894,8634,HAS_ROUTE,8696
895,9933,IN_REGION,16171
896,10815,HAS_ROUTE,8869
897,15410,ON_CONTINENT,17250
898,11499,ON_CONTINENT,17250
899,9368,IN_CITY,12831
900,9283,ON_CONTINENT,17250
901,12990,ON_CONTINENT,17248
902,9911,IN_COUNTRY,17215
903,10346,HAS_ROUTE,8751
904,9471,HAS_ROUTE,9467
905,8759,HAS_ROUTE,9216
906,9631,HAS_ROUTE,8692
907,9754,ON_CONTINENT,17248
908,8697,HAS_ROUTE,9351
909,9095,HAS_ROUTE,9994
910,8642,HAS_ROUTE,8932
911,10961,IN_CITY,14371
912,16181,ON_CONTINENT,17250
913,8685,HAS_ROUTE,8678
914,9355,HAS_ROUTE,8697
915,9167,HAS_ROUTE,8797
916,15366,IN_COUNTRY,17019
917,12669,IN_REGION,15849
918,9297,HAS_ROUTE,10150
919,9795,IN_REGION,16108
920,8673,HAS_ROUTE,8916
921,11812,IN_CITY,15200
922,10436,IN_REGION,16377
923,8636,HAS_ROUTE,8803
924,8684,HAS_ROUTE,9442
925,15272,IN_REGION,16934
926,8655,HAS_ROUTE,9010
927,8675,HAS_ROUTE,8754
928,8928,HAS_ROUTE,8706
929,8701,HAS_ROUTE,8710
930,12893,ON_CONTINENT,17249
931,10494,IN_REGION,15516
932,10755,HAS_ROUTE,8794
933,11250,IN_REGION,16716
934,8729,HAS_ROUTE,8958
935,8804,HAS_ROUTE,8642
936,8656,HAS_ROUTE,9547
937,9085,HAS_ROUTE,9416
938,9823,HAS_ROUTE,9821
939,9715,ON_CONTINENT,17248
940,14168,ON_CONTINENT,17249
941,12981,ON_CONTINENT,17248
942,9022,HAS_ROUTE,8672
943,9383,IN_COUNTRY,17023
944,8787,HAS_ROUTE,10780
945,8969,HAS_ROUTE,8678
946,9056,HAS_ROUTE,8921
947,9855,IN_COUNTRY,17121
948,10289,IN_CITY,13715
949,8689,HAS_ROUTE,8784
950,9016,IN_REGION,15491
951,11058,IN_COUNTRY,17042
952,8928,HAS_ROUTE,8694
953,9519,HAS_ROUTE,8775
954,12555,ON_CONTINENT,17248
955,10685,HAS_ROUTE,9447
956,8803,HAS_ROUTE,8882
957,9659,HAS_ROUTE,10107
958,10510,ON_CONTINENT,17248
959,9015,HAS_ROUTE,8804
960,8921,HAS_ROUTE,8639
961,9733,HAS_ROUTE,11882
962,9359,HAS_ROUTE,8831
963,8762,HAS_ROUTE,10172
964,8919,HAS_ROUTE,9204
965,8840,HAS_ROUTE,9194
966,9842,HAS_ROUTE,8772
967,8638,HAS_ROUTE,8729
968,13057,ON_CONTINENT,17251
969,9415,HAS_ROUTE,8678
970,11289,IN_REGION,16741
971,9083,HAS_ROUTE,9084
972,11025,ON_CONTINENT,17250
973,9021,HAS_ROUTE,8656
974,9467,IN_COUNTRY,17188
975,8827,HAS_ROUTE,8788
976,10372,HAS_ROUTE,8736
977,9297,IN_REGION,15903
978,14915,IN_REGION,16879
979,8747,HAS_ROUTE,8948
980,9468,HAS_ROUTE,8980
981,8800,HAS_ROUTE,9418
982,8716,HAS_ROUTE,8702
983,9560,HAS_ROUTE,8657
984,8686,HAS_ROUTE,8639
985,8790,HAS_ROUTE,12129
986,17162,ON_CONTINENT,17251
987,11030,ON_CONTINENT,17250
988,8719,HAS_ROUTE,10048
989,8787,HAS_ROUTE,11269
990,9107,HAS_ROUTE,8913
991,9129,HAS_ROUTE,8802
992,11320,IN_COUNTRY,17044
993,8696,HAS_ROUTE,11903
994,9264,HAS_ROUTE,12124
995,8886,HAS_ROUTE,12051
996,9150,HAS_ROUTE,8945
997,8881,HAS_ROUTE,8787
998,17161,ON_CONTINENT,17251
999,8828,HAS_ROUTE,8671
1000,8787,HAS_ROUTE,9476
1001,14765,IN_COUNTRY,17044
1002,8738,HAS_ROUTE,9110
1003,13384,IN_REGION,15894
1004,8973,HAS_ROUTE,8740
1005,8951,HAS_ROUTE,10668
1006,8652,HAS_ROUTE,9266
1007,16795,ON_CONTINENT,17250
1008,10145,HAS_ROUTE,9300
1009,8824,HAS_ROUTE,8714
1010,8696,HAS_ROUTE,8739
1011,8642,HAS_ROUTE,8991
1012,9303,HAS_ROUTE,10456
1013,9109,HAS_ROUTE,8832
1014,9471,IN_REGION,16035
1015,9128,IN_COUNTRY,17020
1016,8718,HAS_ROUTE,9415
1017,8943,HAS_ROUTE,11433
1018,8673,HAS_ROUTE,8803
1019,9419,IN_COUNTRY,17032
1020,9340,HAS_ROUTE,10106
1021,16200,ON_CONTINENT,17249
1022,15693,IN_COUNTRY,17016
1023,9139,HAS_ROUTE,10010
1024,13500,ON_CONTINENT,17248
1025,12474,IN_COUNTRY,17064
1026,11481,IN_REGION,16872
1027,8788,IN_COUNTRY,17070
1028,9804,HAS_ROUTE,10915
1029,10131,IN_COUNTRY,17031
1030,9197,IN_COUNTRY,17016
1031,15510,ON_CONTINENT,17248
1032,13127,ON_CONTINENT,17250
1033,10536,HAS_ROUTE,8960
1034,8702,HAS_ROUTE,8734
1035,9215,IN_COUNTRY,17053
1036,13115,IN_COUNTRY,17049
1037,9822,HAS_ROUTE,8832
1038,10680,ON_CONTINENT,17252
1039,8854,HAS_ROUTE,8802
1040,9191,HAS_ROUTE,8696
1041,10779,HAS_ROUTE,9433
1042,8877,HAS_ROUTE,8772
1043,13625,IN_COUNTRY,17053
1044,14063,ON_CONTINENT,17252
1045,9113,HAS_ROUTE,8733
1046,11025,IN_COUNTRY,17079
1047,9936,HAS_ROUTE,8719
1048,12407,IN_COUNTRY,17016
1049,9690,IN_REGION,15514
1050,9410,HAS_ROUTE,9415
1051,8666,HAS_ROUTE,8804
1052,9137,HAS_ROUTE,8799
1053,9160,HAS_ROUTE,8677
1054,12158,IN_REGION,15507
1055,10123,HAS_ROUTE,9530
1056,8808,IN_COUNTRY,17016
1057,8705,HAS_ROUTE,8677
1058,8674,HAS_ROUTE,9193
1059,8932,HAS_ROUTE,8642
1060,10148,HAS_ROUTE,9301
1061,11510,IN_REGION,15943
1062,8674,HAS_ROUTE,9878
1063,8839,HAS_ROUTE,8840
1064,8856,HAS_ROUTE,8956
1065,9145,HAS_ROUTE,10764
1066,8911,HAS_ROUTE,9319
1067,8682,HAS_ROUTE,8746
1068,9436,HAS_ROUTE,11341
1069,8837,HAS_ROUTE,8641
1070,12185,IN_REGION,15528
1071,10187,HAS_ROUTE,10184
1072,9338,HAS_ROUTE,9303
1073,12058,IN_CITY,15425
1074,11178,IN_CITY,14581
1075,8748,HAS_ROUTE,9436
1076,8863,HAS_ROUTE,8859
1077,15659,ON_CONTINENT,17248
1078,9629,HAS_ROUTE,8681
1079,10746,HAS_ROUTE,9119
1080,11591,IN_COUNTRY,17031
1081,10197,HAS_ROUTE,11211
1082,8842,HAS_ROUTE,8735
1083,8692,HAS_ROUTE,8790
1084,9472,HAS_ROUTE,8705
1085,8879,HAS_ROUTE,8742
1086,8929,HAS_ROUTE,10526
1087,8706,HAS_ROUTE,8722
1088,12128,ON_CONTINENT,17251
1089,8774,HAS_ROUTE,9071
1090,8828,HAS_ROUTE,8923
1091,14007,ON_CONTINENT,17249
1092,15843,IN_COUNTRY,17107
1093,12573,ON_CONTINENT,17249
1094,11395,ON_CONTINENT,17250
1095,8958,HAS_ROUTE,9171
1096,8719,HAS_ROUTE,8735
1097,9362,IN_CITY,12825
1098,8920,IN_CITY,12406
1099,8684,HAS_ROUTE,11406
1100,16541,ON_CONTINENT,17250
1101,9329,HAS_ROUTE,8682
1102,9409,ON_CONTINENT,17249
1103,8787,HAS_ROUTE,9124
1104,8673,HAS_ROUTE,9043
1105,12077,ON_CONTINENT,17250
1106,9348,HAS_ROUTE,9813
1107,13106,IN_COUNTRY,17030
1108,12969,IN_REGION,15499
1109,9804,HAS_ROUTE,9449
1110,10461,HAS_ROUTE,10482
1111,16897,ON_CONTINENT,17252
1112,8867,HAS_ROUTE,8637
1113,9190,HAS_ROUTE,8859
1114,8793,HAS_ROUTE,8969
1115,8910,HAS_ROUTE,8765
1116,8810,HAS_ROUTE,8655
1117,9420,HAS_ROUTE,9135
1118,12543,ON_CONTINENT,17248
1119,9419,HAS_ROUTE,9134
1120,9056,HAS_ROUTE,11899
1121,9078,HAS_ROUTE,8913
1122,9434,HAS_ROUTE,9891
1123,10762,ON_CONTINENT,17249
1124,10231,HAS_ROUTE,10226
1125,8746,HAS_ROUTE,9969
1126,8634,HAS_ROUTE,9056
1127,14642,IN_COUNTRY,17016
1128,12615,ON_CONTINENT,17249
1129,8765,HAS_ROUTE,12129
1130,8771,HAS_ROUTE,8752
1131,8657,HAS_ROUTE,8773
1132,9968,IN_REGION,16183
1133,8750,HAS_ROUTE,8958
1134,15193,ON_CONTINENT,17248
1135,8876,HAS_ROUTE,8649
1136,9606,HAS_ROUTE,8692
1137,8757,HAS_ROUTE,9846
1138,8682,HAS_ROUTE,11406
1139,13248,ON_CONTINENT,17250
1140,12732,ON_CONTINENT,17251
1141,9226,HAS_ROUTE,8642
1142,8799,HAS_ROUTE,8733
1143,9594,IN_CITY,13049
1144,9080,HAS_ROUTE,8805
1145,8633,HAS_ROUTE,8657
1146,9997,HAS_ROUTE,9891
1147,9320,HAS_ROUTE,9529
1148,8736,HAS_ROUTE,9177
1149,10136,IN_CITY,13565
1150,8797,HAS_ROUTE,10032
1151,8738,HAS_ROUTE,9890
1152,8707,HAS_ROUTE,8681
1153,9337,HAS_ROUTE,8840
1154,13701,ON_CONTINENT,17249
1155,13987,IN_REGION,15824
1156,8673,HAS_ROUTE,9874
1157,9114,HAS_ROUTE,8700
1158,13124,IN_REGION,16087
1159,16244,ON_CONTINENT,17253
1160,10152,HAS_ROUTE,11376
1161,9139,HAS_ROUTE,8884
1162,9960,ON_CONTINENT,17250
1163,14730,ON_CONTINENT,17250
1164,8832,HAS_ROUTE,8972
1165,14904,IN_REGION,15943
1166,8803,HAS_ROUTE,8913
1167,8640,HAS_ROUTE,8636
1168,8792,HAS_ROUTE,8711
1169,10963,ON_CONTINENT,17248
1170,12693,IN_COUNTRY,17156
1171,10474,ON_CONTINENT,17248
1172,8787,HAS_ROUTE,8963
1173,8642,HAS_ROUTE,8629
1174,8722,HAS_ROUTE,8661
1175,9866,HAS_ROUTE,9481
1176,9589,HAS_ROUTE,8644
1177,9456,HAS_ROUTE,8699
1178,9694,IN_COUNTRY,17016
1179,10962,ON_CONTINENT,17248
1180,8720,HAS_ROUTE,10052
1181,8827,HAS_ROUTE,8744
1182,9450,HAS_ROUTE,8684
1183,8706,HAS_ROUTE,9146
1184,13213,IN_COUNTRY,17093
1185,13480,IN_COUNTRY,17040
1186,14840,IN_COUNTRY,17043
1187,8803,HAS_ROUTE,8958
1188,9443,IN_REGION,16007
1189,8886,HAS_ROUTE,9131
1190,9695,IN_COUNTRY,17016
1191,12358,IN_REGION,15668
1192,9083,HAS_ROUTE,8838
1193,9659,HAS_ROUTE,10112
1194,8963,HAS_ROUTE,9299
1195,8676,HAS_ROUTE,9484
1196,8754,HAS_ROUTE,9443
1197,8967,HAS_ROUTE,8970
1198,8742,HAS_ROUTE,8954
1199,11425,IN_REGION,16831
1200,8838,HAS_ROUTE,8663
1201,8833,HAS_ROUTE,9319
1202,12012,IN_CITY,15380
1203,8668,HAS_ROUTE,8777
1204,9895,HAS_ROUTE,8686
1205,9829,HAS_ROUTE,8682
1206,10341,ON_CONTINENT,17252
1207,13588,IN_REGION,15755
1208,13391,ON_CONTINENT,17250
1209,8703,HAS_ROUTE,9123
1210,8687,HAS_ROUTE,11448
1211,13038,IN_COUNTRY,17016
1212,15735,IN_COUNTRY,17123
1213,16403,IN_COUNTRY,17090
1214,13814,ON_CONTINENT,17249
1215,9306,HAS_ROUTE,8731
1216,8975,HAS_ROUTE,8787
1217,8699,HAS_ROUTE,8676
1218,14819,ON_CONTINENT,17250
1219,8661,HAS_ROUTE,8843
1220,10367,HAS_ROUTE,10393
1221,14225,ON_CONTINENT,17248
1222,13014,ON_CONTINENT,17248
1223,9996,HAS_ROUTE,8958
1224,8735,HAS_ROUTE,9109
1225,9437,HAS_ROUTE,9664
1226,10104,IN_REGION,15698
1227,14015,ON_CONTINENT,17249
1228,16182,IN_COUNTRY,17027
1229,8834,ON_CONTINENT,17248
1230,9083,HAS_ROUTE,8690
1231,9173,HAS_ROUTE,9448
1232,9903,HAS_ROUTE,8733
1233,9795,IN_CITY,13235
1234,9077,HAS_ROUTE,9983
1235,8803,HAS_ROUTE,8696
1236,9200,HAS_ROUTE,9041
1237,13469,ON_CONTINENT,17249
1238,8710,HAS_ROUTE,8740
1239,8673,HAS_ROUTE,9141
1240,11536,IN_CITY,14933
1241,9348,HAS_ROUTE,11270
1242,12012,IN_REGION,16966
1243,8672,HAS_ROUTE,9084
1244,8700,HAS_ROUTE,8874
1245,15372,ON_CONTINENT,17250
1246,8736,HAS_ROUTE,8886
1247,8894,HAS_ROUTE,9696
1248,9292,HAS_ROUTE,8840
1249,9876,ON_CONTINENT,17248
1250,10212,IN_COUNTRY,17053
1251,10667,HAS_ROUTE,12068
1252,8694,HAS_ROUTE,8671
1253,8657,HAS_ROUTE,8806
1254,9001,HAS_ROUTE,8637
1255,8678,HAS_ROUTE,8912
1256,15854,IN_COUNTRY,17150
1257,13544,ON_CONTINENT,17250
1258,8633,HAS_ROUTE,9021
1259,11678,IN_COUNTRY,17084
1260,8827,HAS_ROUTE,8694
1261,13539,ON_CONTINENT,17250
1262,9771,HAS_ROUTE,8682
1263,8635,HAS_ROUTE,9220
1264,16511,IN_COUNTRY,17117
1265,8627,IN_REGION,15489
1266,14025,IN_REGION,16425
1267,13566,ON_CONTINENT,17250
1268,8761,HAS_ROUTE,8627
1269,8762,HAS_ROUTE,8711
1270,13672,ON_CONTINENT,17253
1271,16627,IN_COUNTRY,17042
1272,8874,HAS_ROUTE,9936
1273,8812,HAS_ROUTE,8665
1274,9487,HAS_ROUTE,10109
1275,10019,HAS_ROUTE,9823
1276,8651,HAS_ROUTE,8810
1277,9095,HAS_ROUTE,8696
1278,8772,HAS_ROUTE,8705
1279,8855,HAS_ROUTE,8733
1280,8776,IN_REGION,15604
1281,9135,HAS_ROUTE,8952
1282,9322,HAS_ROUTE,8687
1283,9464,HAS_ROUTE,8677
1284,8912,HAS_ROUTE,8700
1285,8672,HAS_ROUTE,9589
1286,9481,HAS_ROUTE,8677
1287,14283,IN_COUNTRY,17208
1288,9421,HAS_ROUTE,9186
1289,8642,HAS_ROUTE,8652
1290,9127,IN_CITY,12603
1291,16384,IN_COUNTRY,17109
1292,12581,IN_COUNTRY,17041
1293,8700,HAS_ROUTE,9230
1294,9315,HAS_ROUTE,9340
1295,8736,HAS_ROUTE,8875
1296,9287,HAS_ROUTE,9095
1297,8855,HAS_ROUTE,8722
1298,9044,HAS_ROUTE,8634
1299,8902,HAS_ROUTE,9138
1300,8690,HAS_ROUTE,8943
1301,8902,HAS_ROUTE,8714
1302,8787,HAS_ROUTE,11264
1303,8727,HAS_ROUTE,11436
1304,8760,HAS_ROUTE,8642
1305,8724,HAS_ROUTE,9080
1306,9410,HAS_ROUTE,8769
1307,9320,HAS_ROUTE,9322
1308,9843,HAS_ROUTE,10045
1309,9133,HAS_ROUTE,8954
1310,9111,HAS_ROUTE,9101
1311,8761,HAS_ROUTE,8762
1312,9841,ON_CONTINENT,17249
1313,15445,IN_REGION,16996
1314,9082,HAS_ROUTE,8860
1315,16939,IN_COUNTRY,17117
1316,8813,HAS_ROUTE,8645
1317,10819,IN_CITY,14230
1318,9883,IN_COUNTRY,17018
1319,8834,HAS_ROUTE,10827
1320,15596,IN_COUNTRY,17061
1321,9802,HAS_ROUTE,9798
1322,9283,HAS_ROUTE,8693
1323,13729,IN_REGION,15783
1324,8810,HAS_ROUTE,8639
1325,8742,HAS_ROUTE,8794
1326,13083,IN_COUNTRY,17024
1327,9937,IN_CITY,13374
1328,11327,ON_CONTINENT,17250
1329,9303,HAS_ROUTE,8677
1330,8997,IN_COUNTRY,17016
1331,16848,IN_COUNTRY,17071
1332,8954,HAS_ROUTE,9092
1333,9604,ON_CONTINENT,17251
1334,9155,IN_COUNTRY,17016
1335,9007,IN_REGION,15507
1336,9004,IN_REGION,15749
1337,8886,HAS_ROUTE,8939
1338,13043,IN_REGION,15628
1339,8963,HAS_ROUTE,9302
1340,8965,HAS_ROUTE,9459
1341,8689,HAS_ROUTE,8684
1342,10361,HAS_ROUTE,8738
1343,14147,IN_COUNTRY,17016
1344,9092,IN_COUNTRY,17020
1345,8828,HAS_ROUTE,8854
1346,14325,IN_REGION,16585
1347,8885,HAS_ROUTE,8972
1348,13209,ON_CONTINENT,17248
1349,9287,HAS_ROUTE,9126
1350,10186,HAS_ROUTE,10184
1351,13879,ON_CONTINENT,17250
1352,9228,HAS_ROUTE,8666
1353,8733,HAS_ROUTE,9475
1354,13716,ON_CONTINENT,17252
1355,8970,HAS_ROUTE,8856
1356,9015,HAS_ROUTE,10179
1357,8985,ON_CONTINENT,17248
1358,8752,HAS_ROUTE,9291
1359,8876,HAS_ROUTE,11601
1360,9217,IN_REGION,15867
1361,8766,HAS_ROUTE,8661
1362,9437,IN_REGION,16002
1363,9142,HAS_ROUTE,8736
1364,9250,IN_REGION,15489
1365,8729,HAS_ROUTE,8978
1366,8790,HAS_ROUTE,8758
1367,9883,IN_CITY,13321
1368,9124,HAS_ROUTE,9123
1369,14940,ON_CONTINENT,17251
1370,8678,HAS_ROUTE,8736
1371,8713,HAS_ROUTE,8799
1372,9318,HAS_ROUTE,8831
1373,10998,IN_REGION,15490
1374,8820,HAS_ROUTE,8642
1375,9356,HAS_ROUTE,11523
1376,11325,IN_CITY,14723
1377,9664,HAS_ROUTE,11433
1378,9351,HAS_ROUTE,8746
1379,8787,HAS_ROUTE,8768
1380,8675,HAS_ROUTE,8974
1381,8699,HAS_ROUTE,8828
1382,9270,IN_REGION,15889
1383,8726,HAS_ROUTE,9318
1384,11330,IN_CITY,14728
1385,10285,IN_REGION,16211
1386,9986,HAS_ROUTE,11996
1387,8699,HAS_ROUTE,9167
1388,8644,HAS_ROUTE,9585
1389,9120,HAS_ROUTE,8729
1390,8688,IN_COUNTRY,17024
1391,14756,IN_COUNTRY,17044
1392,8805,HAS_ROUTE,8699
1393,10417,IN_CITY,13842
1394,9408,HAS_ROUTE,10124
1395,16895,IN_COUNTRY,17172
1396,8925,HAS_ROUTE,9295
1397,13592,IN_REGION,15750
1398,10128,IN_CITY,13557
1399,14518,ON_CONTINENT,17253
1400,8673,HAS_ROUTE,9762
1401,8676,HAS_ROUTE,8829
1402,11499,IN_CITY,14896
1403,8727,HAS_ROUTE,9282
1404,9204,HAS_ROUTE,9041
1405,9804,HAS_ROUTE,9808
1406,11187,IN_COUNTRY,17129
1407,8892,HAS_ROUTE,10470
1408,8886,HAS_ROUTE,9286
1409,14591,IN_REGION,16688
1410,8854,HAS_ROUTE,9981
1411,8986,HAS_ROUTE,8869
1412,9435,HAS_ROUTE,8678
1413,9418,IN_COUNTRY,17032
1414,14292,IN_REGION,16570
1415,8645,HAS_ROUTE,8657
1416,16565,IN_COUNTRY,17090
1417,8696,HAS_ROUTE,8693
1418,10199,HAS_ROUTE,11115
1419,8765,HAS_ROUTE,8874
1420,9436,IN_CITY,12895
1421,14664,IN_REGION,16729
1422,8804,HAS_ROUTE,9707
1423,12407,IN_REGION,15627
1424,9221,HAS_ROUTE,11203
1425,10605,IN_CITY,14028
1426,8673,HAS_ROUTE,8693
1427,9419,HAS_ROUTE,9851
1428,9504,IN_REGION,15499
1429,15484,IN_REGION,15885
1430,9064,HAS_ROUTE,8671
1431,9617,IN_REGION,15523
1432,8748,HAS_ROUTE,9303
1433,8656,HAS_ROUTE,8808
1434,9342,HAS_ROUTE,11507
1435,11951,IN_CITY,14764
1436,11231,IN_REGION,16711
1437,14493,ON_CONTINENT,17253
1438,9760,HAS_ROUTE,9421
1439,12051,IN_CITY,15418
1440,8803,HAS_ROUTE,8705
1441,9124,HAS_ROUTE,8735
1442,10454,IN_REGION,15725
1443,8942,HAS_ROUTE,11433
1444,8727,HAS_ROUTE,9436
1445,8913,HAS_ROUTE,8723
1446,16709,IN_COUNTRY,17106
1447,8717,HAS_ROUTE,8722
1448,9682,HAS_ROUTE,8635
1449,8722,HAS_ROUTE,9891
1450,8687,HAS_ROUTE,8676
1451,8720,HAS_ROUTE,9096
1452,8937,HAS_ROUTE,8722
1453,8834,HAS_ROUTE,8640
1454,8789,HAS_ROUTE,9757
1455,10775,IN_CITY,14189
1456,9173,HAS_ROUTE,9464
1457,8938,HAS_ROUTE,8733
1458,9800,HAS_ROUTE,8684
1459,14108,IN_COUNTRY,17183
1460,8690,HAS_ROUTE,8769
1461,10243,HAS_ROUTE,9043
1462,11642,IN_COUNTRY,17018
1463,8638,HAS_ROUTE,8657
1464,8670,ON_CONTINENT,17248
1465,8675,HAS_ROUTE,8986
1466,8637,HAS_ROUTE,8821
1467,8947,HAS_ROUTE,8790
1468,8767,HAS_ROUTE,8912
1469,9850,ON_CONTINENT,17249
1470,8956,HAS_ROUTE,8738
1471,14490,IN_REGION,16238
1472,8871,HAS_ROUTE,8998
1473,15738,ON_CONTINENT,17249
1474,8732,HAS_ROUTE,9322
1475,9340,HAS_ROUTE,11376
1476,9192,HAS_ROUTE,8947
1477,9009,HAS_ROUTE,8656
1478,10028,ON_CONTINENT,17249
1479,10098,IN_CITY,13528
1480,9487,HAS_ROUTE,8881
1481,13291,IN_COUNTRY,17038
1482,10718,IN_REGION,15497
1483,8799,HAS_ROUTE,8973
1484,8726,HAS_ROUTE,9068
1485,8659,HAS_ROUTE,8808
1486,10335,IN_REGION,16315
1487,8758,HAS_ROUTE,8787
1488,8931,IN_CITY,12417
1489,8920,HAS_ROUTE,8707
1490,8706,HAS_ROUTE,8804
1491,9136,HAS_ROUTE,9079
1492,8948,HAS_ROUTE,9288
1493,9077,HAS_ROUTE,8742
1494,9341,IN_CITY,12804
1495,13818,ON_CONTINENT,17252
1496,9312,HAS_ROUTE,8680
1497,9439,HAS_ROUTE,9436
1498,10829,IN_COUNTRY,17206
1499,8635,HAS_ROUTE,8909
1500,14038,IN_REGION,16431
1501,9056,HAS_ROUTE,8629
1502,8727,HAS_ROUTE,8912
1503,8680,HAS_ROUTE,8661
1504,8700,HAS_ROUTE,9279
1505,8831,HAS_ROUTE,8689
1506,13927,ON_CONTINENT,17248
1507,8964,HAS_ROUTE,10362
1508,9175,HAS_ROUTE,8666
1509,8646,ON_CONTINENT,17248
1510,10063,HAS_ROUTE,10071
1511,9806,IN_CITY,13246
1512,9022,HAS_ROUTE,8804
1513,9153,HAS_ROUTE,8627
1514,8629,HAS_ROUTE,8895
1515,9160,HAS_ROUTE,8696
1516,8787,HAS_ROUTE,9453
1517,8643,HAS_ROUTE,8627
1518,9697,ON_CONTINENT,17248
1519,9131,IN_REGION,15807
1520,8654,HAS_ROUTE,8811
1521,8796,HAS_ROUTE,8735
1522,8634,HAS_ROUTE,8638
1523,8700,HAS_ROUTE,9129
1524,8637,HAS_ROUTE,9567
1525,15080,ON_CONTINENT,17252
1526,14206,IN_COUNTRY,17069
1527,9375,IN_COUNTRY,17023
1528,8684,HAS_ROUTE,8639
1529,14946,IN_REGION,15607
1530,12292,IN_REGION,15554
1531,15670,ON_CONTINENT,17249
1532,8713,HAS_ROUTE,8877
1533,15179,IN_COUNTRY,17024
1534,9747,ON_CONTINENT,17248
1535,8697,HAS_ROUTE,8726
1536,8890,IN_REGION,15681
1537,8767,HAS_ROUTE,8723
1538,9329,HAS_ROUTE,8963
1539,8804,HAS_ROUTE,9008
1540,8738,HAS_ROUTE,9124
1541,10224,IN_REGION,15861
1542,10777,ON_CONTINENT,17250
1543,10156,HAS_ROUTE,9304
1544,14339,ON_CONTINENT,17250
1545,8648,HAS_ROUTE,8659
1546,8988,HAS_ROUTE,8657
1547,9317,HAS_ROUTE,8825
1548,16820,ON_CONTINENT,17250
1549,8642,HAS_ROUTE,8636
1550,8698,HAS_ROUTE,8718
1551,11554,IN_REGION,15607
1552,10239,IN_COUNTRY,17153
1553,10200,HAS_ROUTE,8696
1554,14030,ON_CONTINENT,17252
1555,9410,HAS_ROUTE,8739
1556,10909,IN_REGION,16581
1557,9468,HAS_ROUTE,10615
1558,16531,ON_CONTINENT,17250
1559,9002,IN_CITY,12486
1560,14115,IN_COUNTRY,17093
1561,9274,HAS_ROUTE,8663
1562,9906,IN_CITY,13343
1563,13476,IN_REGION,16205
1564,16178,ON_CONTINENT,17250
1565,9890,IN_REGION,16157
1566,9594,ON_CONTINENT,17248
1567,13913,ON_CONTINENT,17248
1568,8673,HAS_ROUTE,8644
1569,12413,IN_COUNTRY,17016
1570,9140,HAS_ROUTE,10012
1571,11525,IN_CITY,14922
1572,16587,ON_CONTINENT,17250
1573,9989,HAS_ROUTE,8723
1574,15563,IN_COUNTRY,17023
1575,9320,HAS_ROUTE,8748
1576,8643,HAS_ROUTE,8989
1577,13700,ON_CONTINENT,17249
1578,9666,HAS_ROUTE,11353
1579,11271,IN_CITY,14669
1580,9507,HAS_ROUTE,9193
1581,15794,IN_COUNTRY,17138
1582,15434,IN_COUNTRY,17031
1583,8719,HAS_ROUTE,10279
1584,15436,ON_CONTINENT,17250
1585,14514,IN_COUNTRY,17053
1586,14288,IN_REGION,16569
1587,9128,HAS_ROUTE,9129
1588,12494,IN_COUNTRY,17016
1589,8919,HAS_ROUTE,8644
1590,8986,HAS_ROUTE,8631
1591,8876,HAS_ROUTE,10138
1592,8973,HAS_ROUTE,9907
1593,9048,HAS_ROUTE,8674
1594,9129,HAS_ROUTE,9858
1595,8727,HAS_ROUTE,9956
1596,9128,HAS_ROUTE,8954
1597,11058,IN_REGION,16627
1598,8706,HAS_ROUTE,8969
1599,8886,HAS_ROUTE,9287
1600,15744,IN_COUNTRY,17016
1601,16275,IN_COUNTRY,17055
1602,9480,HAS_ROUTE,8720
1603,15342,IN_REGION,15576
1604,14802,IN_COUNTRY,17027
1605,8686,HAS_ROUTE,8643
1606,9982,HAS_ROUTE,9133
1607,12172,ON_CONTINENT,17248
1608,8676,HAS_ROUTE,9123
1609,9284,HAS_ROUTE,8713
1610,12057,IN_REGION,16987
1611,8697,HAS_ROUTE,8695
1612,9488,HAS_ROUTE,8972
1613,8905,HAS_ROUTE,12129
1614,11098,IN_CITY,14504
1615,10070,HAS_ROUTE,9789
1616,8711,HAS_ROUTE,10081
1617,10702,HAS_ROUTE,8814
1618,12289,IN_COUNTRY,17032
1619,12974,IN_REGION,15502
1620,11532,IN_COUNTRY,17024
1621,9498,HAS_ROUTE,8652
1622,8787,HAS_ROUTE,8941
1623,8966,HAS_ROUTE,8967
1624,9920,IN_REGION,15499
1625,9038,HAS_ROUTE,8643
1626,10842,IN_CITY,14253
1627,8722,HAS_ROUTE,9993
1628,8680,HAS_ROUTE,9406
1629,8700,HAS_ROUTE,9112
1630,8816,HAS_ROUTE,8647
1631,10023,HAS_ROUTE,8710
1632,9674,HAS_ROUTE,8693
1633,8789,HAS_ROUTE,9184
1634,8641,HAS_ROUTE,9067
1635,9295,HAS_ROUTE,9301
1636,8627,HAS_ROUTE,8696
1637,9210,HAS_ROUTE,11140
1638,11919,IN_COUNTRY,17031
1639,11628,IN_CITY,15023
1640,9744,IN_CITY,12947
1641,14256,IN_REGION,16567
1642,16310,ON_CONTINENT,17252
1643,10001,HAS_ROUTE,8699
1644,12066,ON_CONTINENT,17251
1645,9118,HAS_ROUTE,9077
1646,12090,IN_CITY,15451
1647,15422,ON_CONTINENT,17250
1648,10362,HAS_ROUTE,9112
1649,10694,HAS_ROUTE,8951
1650,10379,IN_REGION,16192
1651,8731,HAS_ROUTE,9399
1652,9822,HAS_ROUTE,9348
1653,10146,HAS_ROUTE,9304
1654,9637,IN_COUNTRY,17024
1655,17211,ON_CONTINENT,17250
1656,10351,HAS_ROUTE,10337
1657,9554,HAS_ROUTE,8682
1658,8885,HAS_ROUTE,9079
1659,12854,IN_COUNTRY,17023
1660,8659,IN_CITY,12160
1661,8696,HAS_ROUTE,9286
1662,9217,IN_COUNTRY,17129
1663,11725,IN_CITY,15115
1664,8699,HAS_ROUTE,8642
1665,15015,IN_COUNTRY,17016
1666,9491,HAS_ROUTE,8639
1667,13119,ON_CONTINENT,17250
1668,13404,IN_REGION,16183
1669,8748,HAS_ROUTE,8735
1670,8817,HAS_ROUTE,8811
1671,8687,HAS_ROUTE,8674
1672,15085,ON_CONTINENT,17249
1673,8804,HAS_ROUTE,9243
1674,9455,HAS_ROUTE,8929
1675,8744,HAS_ROUTE,9827
1676,10771,HAS_ROUTE,8787
1677,8652,HAS_ROUTE,8813
1678,8627,HAS_ROUTE,8863
1679,9859,HAS_ROUTE,8733
1680,8631,HAS_ROUTE,9047
1681,9467,HAS_ROUTE,9453
1682,10776,HAS_ROUTE,8793
1683,8768,HAS_ROUTE,8968
1684,12073,IN_COUNTRY,17031
1685,8877,HAS_ROUTE,8929
1686,8703,HAS_ROUTE,8719
1687,10616,HAS_ROUTE,9469
1688,11212,IN_REGION,16252
1689,15445,IN_COUNTRY,17145
1690,9224,HAS_ROUTE,11226
1691,9161,HAS_ROUTE,8883
1692,8771,HAS_ROUTE,8971
1693,8679,HAS_ROUTE,8885
1694,10950,IN_COUNTRY,17016
1695,12275,IN_REGION,15607
1696,13219,IN_REGION,15692
1697,9305,HAS_ROUTE,8925
1698,10109,HAS_ROUTE,11563
1699,9082,HAS_ROUTE,9325
1700,13966,IN_REGION,16407
1701,9440,HAS_ROUTE,10348
1702,9167,HAS_ROUTE,8723
1703,15411,IN_COUNTRY,17113
1704,9714,IN_CITY,13162
1705,8713,HAS_ROUTE,8709
1706,8810,HAS_ROUTE,8657
1707,9517,HAS_ROUTE,8657
1708,8824,HAS_ROUTE,9180
1709,9291,HAS_ROUTE,10118
1710,8913,HAS_ROUTE,10025
1711,8698,HAS_ROUTE,8694
1712,8900,HAS_ROUTE,9419
1713,10787,HAS_ROUTE,8787
1714,13036,ON_CONTINENT,17248
1715,9218,HAS_ROUTE,9046
1716,8676,HAS_ROUTE,9130
1717,8879,HAS_ROUTE,8686
1718,8729,HAS_ROUTE,11356
1719,9317,HAS_ROUTE,8693
1720,9408,HAS_ROUTE,10698
1721,10184,HAS_ROUTE,10183
1722,9043,HAS_ROUTE,9046
1723,15279,ON_CONTINENT,17248
1724,9175,HAS_ROUTE,9594
1725,9756,HAS_ROUTE,9761
1726,8910,IN_COUNTRY,17041
1727,8876,HAS_ROUTE,8841
1728,9339,HAS_ROUTE,9303
1729,10159,HAS_ROUTE,10133
1730,8639,HAS_ROUTE,9518
1731,8683,HAS_ROUTE,9636
1732,8728,HAS_ROUTE,9148
1733,8706,HAS_ROUTE,8709
1734,9075,IN_CITY,12555
1735,8820,HAS_ROUTE,8634
1736,11744,IN_CITY,15133
1737,11426,IN_COUNTRY,17043
1738,9222,HAS_ROUTE,9043
1739,8767,HAS_ROUTE,10055
1740,10060,HAS_ROUTE,8711
1741,9009,HAS_ROUTE,8634
1742,8997,HAS_ROUTE,9175
1743,8803,HAS_ROUTE,8713
1744,8693,HAS_ROUTE,9315
1745,8672,HAS_ROUTE,8643
1746,8748,IN_CITY,12242
1747,8696,HAS_ROUTE,8980
1748,10347,HAS_ROUTE,8771
1749,9130,HAS_ROUTE,10382
1750,8824,HAS_ROUTE,8740
1751,8954,HAS_ROUTE,9461
1752,8829,IN_REGION,15637
1753,9773,HAS_ROUTE,9347
1754,17124,ON_CONTINENT,17250
1755,8638,HAS_ROUTE,8986
1756,14445,ON_CONTINENT,17250
1757,8856,HAS_ROUTE,9994
1758,9965,IN_REGION,16183
1759,8653,HAS_ROUTE,9535
1760,10166,IN_REGION,16233
1761,8832,HAS_ROUTE,9409
1762,8677,HAS_ROUTE,8684
1763,10216,HAS_ROUTE,11117
1764,9322,HAS_ROUTE,9291
1765,10750,IN_REGION,16505
1766,9408,IN_REGION,15535
1767,8648,HAS_ROUTE,8696
1768,9940,IN_COUNTRY,17040
1769,14388,IN_REGION,15490
1770,12587,ON_CONTINENT,17249
1771,8726,HAS_ROUTE,11070
1772,10020,IN_COUNTRY,17044
1773,15038,IN_REGION,15496
1774,15061,IN_COUNTRY,17044
1775,8655,HAS_ROUTE,8674
1776,8867,HAS_ROUTE,8789
1777,14196,IN_REGION,16531
1778,8642,HAS_ROUTE,8675
1779,9291,HAS_ROUTE,8781
1780,11861,IN_CITY,15247
1781,9167,HAS_ROUTE,10358
1782,9077,HAS_ROUTE,8723
1783,9818,IN_CITY,13257
1784,9410,HAS_ROUTE,8767
1785,15374,IN_COUNTRY,17044
1786,12895,ON_CONTINENT,17250
1787,9813,HAS_ROUTE,9794
1788,14038,ON_CONTINENT,17252
1789,10216,HAS_ROUTE,8758
1790,8772,HAS_ROUTE,9824
1791,8697,HAS_ROUTE,9828
1792,9182,IN_COUNTRY,17069
1793,15439,IN_REGION,15607
1794,9927,HAS_ROUTE,8679
1795,8929,HAS_ROUTE,11615
1796,11522,IN_REGION,16880
1797,10052,IN_REGION,16216
1798,9529,HAS_ROUTE,10152
1799,15968,ON_CONTINENT,17250
1800,8751,IN_REGION,15581
1801,9121,HAS_ROUTE,8699
1802,14127,IN_COUNTRY,17016
1803,8963,HAS_ROUTE,10137
1804,8677,HAS_ROUTE,8801
1805,15904,ON_CONTINENT,17250
1806,8722,HAS_ROUTE,8798
1807,9321,HAS_ROUTE,9323
1808,10696,IN_REGION,16087
1809,12654,IN_COUNTRY,17069
1810,12895,IN_COUNTRY,17044
1811,16648,IN_COUNTRY,17054
1812,9153,IN_REGION,15823
1813,10145,HAS_ROUTE,9775
1814,15140,IN_REGION,16680
1815,8627,HAS_ROUTE,8635
1816,8697,HAS_ROUTE,8784
1817,10951,IN_CITY,14361
1818,14325,IN_COUNTRY,17126
1819,8780,HAS_ROUTE,8638
1820,9279,HAS_ROUTE,8720
1821,12008,IN_COUNTRY,17146
1822,8657,HAS_ROUTE,9070
1823,8989,HAS_ROUTE,8671
1824,10830,HAS_ROUTE,9527
1825,16050,ON_CONTINENT,17250
1826,14406,ON_CONTINENT,17248
1827,8685,HAS_ROUTE,9954
1828,12550,IN_COUNTRY,17016
1829,8804,HAS_ROUTE,8706
1830,15265,IN_REGION,15490
1831,13508,IN_COUNTRY,17018
1832,8844,HAS_ROUTE,8676
1833,13144,IN_COUNTRY,17016
1834,9320,HAS_ROUTE,8746
1835,8955,HAS_ROUTE,8878
1836,8877,HAS_ROUTE,8886
1837,8681,ON_CONTINENT,17251
1838,9125,HAS_ROUTE,9865
1839,9085,HAS_ROUTE,9112
1840,8766,HAS_ROUTE,9107
1841,9997,HAS_ROUTE,10739
1842,9104,HAS_ROUTE,8739
1843,9207,HAS_ROUTE,8635
1844,13868,ON_CONTINENT,17248
1845,8690,HAS_ROUTE,10126
1846,9185,IN_REGION,15839
1847,8632,HAS_ROUTE,8903
1848,8661,HAS_ROUTE,8892
1849,8679,HAS_ROUTE,8840
1850,9531,HAS_ROUTE,8681
1851,8729,HAS_ROUTE,11328
1852,12600,IN_COUNTRY,17036
1853,9505,HAS_ROUTE,9291
1854,9862,ON_CONTINENT,17249
1855,8767,HAS_ROUTE,9418
1856,8753,ON_CONTINENT,17252
1857,8678,HAS_ROUTE,9111
1858,14322,ON_CONTINENT,17250
1859,8792,HAS_ROUTE,10511
1860,12621,ON_CONTINENT,17249
1861,9138,HAS_ROUTE,10362
1862,8627,HAS_ROUTE,8672
1863,12436,IN_COUNTRY,17116
1864,9047,ON_CONTINENT,17248
1865,9426,HAS_ROUTE,8678
1866,10217,HAS_ROUTE,10220
1867,8684,HAS_ROUTE,8638
1868,9946,IN_REGION,15894
1869,9124,HAS_ROUTE,9856
1870,8693,HAS_ROUTE,10119
1871,9924,IN_COUNTRY,17022
1872,9470,HAS_ROUTE,9465
1873,8639,HAS_ROUTE,8674
1874,13455,IN_COUNTRY,17032
1875,10667,ON_CONTINENT,17252
1876,14312,IN_REGION,15671
1877,9949,ON_CONTINENT,17250
1878,8729,HAS_ROUTE,8766
1879,14460,ON_CONTINENT,17250
1880,12999,IN_REGION,15693
1881,9237,HAS_ROUTE,8656
1882,8775,HAS_ROUTE,8641
1883,8727,HAS_ROUTE,8732
1884,9331,HAS_ROUTE,8860
1885,9133,HAS_ROUTE,8676
1886,9220,HAS_ROUTE,8635
1887,8917,HAS_ROUTE,8641
1888,10538,IN_COUNTRY,17090
1889,9319,HAS_ROUTE,8781
1890,8675,HAS_ROUTE,9078
1891,8718,HAS_ROUTE,8972
1892,9126,HAS_ROUTE,9840
1893,11163,ON_CONTINENT,17253
1894,9335,HAS_ROUTE,9291
1895,9429,HAS_ROUTE,8877
1896,8897,HAS_ROUTE,8906
1897,8701,HAS_ROUTE,8729
1898,8794,HAS_ROUTE,9112
1899,9558,IN_CITY,13014
1900,8644,HAS_ROUTE,9076
1901,9321,HAS_ROUTE,9324
1902,14703,IN_COUNTRY,17044
1903,8863,IN_CITY,12350
1904,9320,HAS_ROUTE,9299
1905,8911,HAS_ROUTE,8790
1906,8819,HAS_ROUTE,8672
1907,15761,ON_CONTINENT,17248
1908,8641,HAS_ROUTE,8713
1909,9304,HAS_ROUTE,10150
1910,11263,IN_CITY,14661
1911,9982,HAS_ROUTE,9180
1912,8881,IN_COUNTRY,17069
1913,9262,HAS_ROUTE,8964
1914,10146,HAS_ROUTE,10152
1915,10055,HAS_ROUTE,8767
1916,11530,IN_REGION,15947
1917,16003,ON_CONTINENT,17249
1918,8661,HAS_ROUTE,8809
1919,10781,HAS_ROUTE,8881
1920,8724,HAS_ROUTE,8937
1921,8648,HAS_ROUTE,8687
1922,9548,IN_COUNTRY,17016
1923,8986,HAS_ROUTE,8762
1924,8659,HAS_ROUTE,8672
1925,9405,HAS_ROUTE,8839
1926,8968,HAS_ROUTE,8765
1927,9953,IN_COUNTRY,17027
1928,9665,HAS_ROUTE,9436
1929,8886,HAS_ROUTE,9101
1930,9578,IN_CITY,13033
1931,9444,HAS_ROUTE,10366
1932,9853,IN_REGION,16147
1933,10128,HAS_ROUTE,8963
1934,8649,HAS_ROUTE,8647
1935,10487,IN_COUNTRY,17018
1936,13006,IN_REGION,15505
1937,14141,IN_REGION,15603
1938,8887,IN_COUNTRY,17019
1939,9112,HAS_ROUTE,8877
1940,12816,IN_REGION,15573
1941,8701,HAS_ROUTE,9855
1942,12703,IN_REGION,15514
1943,9166,HAS_ROUTE,8739
1944,10794,ON_CONTINENT,17252
1945,8662,HAS_ROUTE,9696
1946,8727,HAS_ROUTE,11603
1947,8874,HAS_ROUTE,9856
1948,9348,HAS_ROUTE,8695
1949,11321,ON_CONTINENT,17249
1950,10607,IN_REGION,16430
1951,12577,ON_CONTINENT,17252
1952,9457,HAS_ROUTE,9460
1953,8727,IN_COUNTRY,17043
1954,9834,IN_CITY,13273
1955,8632,HAS_ROUTE,8645
1956,12662,IN_COUNTRY,17148
1957,11787,IN_COUNTRY,17018
1958,8705,HAS_ROUTE,9459
1959,10215,IN_COUNTRY,17053
1960,10210,HAS_ROUTE,10207
1961,8972,HAS_ROUTE,8720
1962,8687,HAS_ROUTE,10145
1963,11261,IN_CITY,14659
1964,9436,HAS_ROUTE,8911
1965,9321,HAS_ROUTE,8693
1966,8942,IN_REGION,15707
1967,15708,IN_COUNTRY,17112
1968,10694,ON_CONTINENT,17252
1969,9167,HAS_ROUTE,8722
1970,14736,IN_COUNTRY,17044
1971,8668,HAS_ROUTE,8655
1972,8811,HAS_ROUTE,8651
1973,8722,HAS_ROUTE,8855
1974,11574,IN_CITY,14970
1975,8970,HAS_ROUTE,9129
1976,9303,HAS_ROUTE,8727
1977,8703,HAS_ROUTE,8710
1978,8648,HAS_ROUTE,8655
1979,9125,HAS_ROUTE,9137
1980,15002,ON_CONTINENT,17250
1981,8667,HAS_ROUTE,8894
1982,9120,HAS_ROUTE,9430
1983,9300,HAS_ROUTE,8911
1984,8798,HAS_ROUTE,8766
1985,9247,HAS_ROUTE,8627
1986,11541,IN_COUNTRY,17024
1987,9772,IN_REGION,16101
1988,9209,HAS_ROUTE,10307
1989,14562,ON_CONTINENT,17253
1990,9045,HAS_ROUTE,8634
1991,15359,ON_CONTINENT,17251
1992,9075,HAS_ROUTE,8644
1993,8799,HAS_ROUTE,8720
1994,9858,HAS_ROUTE,9093
1995,10764,HAS_ROUTE,9145
1996,8820,HAS_ROUTE,8664
1997,8809,HAS_ROUTE,8640
1998,13276,IN_REGION,16136
1999,8889,HAS_ROUTE,8646
2000,8720,HAS_ROUTE,10012
2001,8973,HAS_ROUTE,8699
2002,14611,IN_COUNTRY,17053
2003,9841,HAS_ROUTE,8700
2004,8858,HAS_ROUTE,8857
2005,11294,IN_COUNTRY,17121
2006,11161,ON_CONTINENT,17253
2007,8780,HAS_ROUTE,8875
2008,12036,IN_REGION,16976
2009,8711,HAS_ROUTE,8772
2010,9436,HAS_ROUTE,8944
2011,8671,HAS_ROUTE,8762
2012,8728,HAS_ROUTE,8946
2013,9659,HAS_ROUTE,8690
2014,9841,HAS_ROUTE,9107
2015,8758,HAS_ROUTE,10197
2016,8977,HAS_ROUTE,8901
2017,8696,HAS_ROUTE,9188
2018,9192,HAS_ROUTE,8842
2019,10518,IN_CITY,13942
2020,16743,IN_COUNTRY,17121
2021,11203,IN_CITY,14605
2022,9119,HAS_ROUTE,8832
2023,10765,HAS_ROUTE,12129
2024,9214,HAS_ROUTE,10205
2025,10698,HAS_ROUTE,8963
2026,8706,HAS_ROUTE,8905
2027,9101,HAS_ROUTE,8739
2028,8696,HAS_ROUTE,8710
2029,11690,IN_CITY,15081
2030,9138,HAS_ROUTE,9180
2031,8635,HAS_ROUTE,8725
2032,12963,IN_REGION,16048
2033,11629,ON_CONTINENT,17248
2034,8677,HAS_ROUTE,8719
2035,9125,HAS_ROUTE,8832
2036,8718,HAS_ROUTE,9105
2037,9529,HAS_ROUTE,10144
2038,8986,HAS_ROUTE,9046
2039,9792,HAS_ROUTE,8875
2040,8694,HAS_ROUTE,9132
2041,8671,HAS_ROUTE,9152
2042,8703,HAS_ROUTE,8729
2043,8816,HAS_ROUTE,8669
2044,8627,HAS_ROUTE,8752
2045,9844,HAS_ROUTE,9982
2046,13102,IN_REGION,16071
2047,10328,IN_REGION,15583
2048,14651,IN_COUNTRY,17113
2049,8696,HAS_ROUTE,8805
2050,8728,HAS_ROUTE,8798
2051,10512,HAS_ROUTE,8749
2052,14044,IN_COUNTRY,17122
2053,12841,ON_CONTINENT,17250
2054,8673,HAS_ROUTE,8804
2055,8703,HAS_ROUTE,8767
2056,8741,HAS_ROUTE,8952
2057,8703,HAS_ROUTE,9860
2058,9294,HAS_ROUTE,9298
2059,16279,ON_CONTINENT,17253
2060,8852,HAS_ROUTE,8752
2061,9291,HAS_ROUTE,10155
2062,11708,IN_COUNTRY,17129
2063,8787,HAS_ROUTE,9854
2064,8706,HAS_ROUTE,8740
2065,10444,HAS_ROUTE,8998
2066,9439,HAS_ROUTE,8972
2067,8771,HAS_ROUTE,10673
2068,10679,IN_CITY,12248
2069,9108,HAS_ROUTE,9856
2070,9914,ON_CONTINENT,17248
2071,10161,HAS_ROUTE,8806
2072,8910,HAS_ROUTE,10029
2073,9158,HAS_ROUTE,8968
2074,13498,IN_REGION,15550
2075,8703,HAS_ROUTE,8856
2076,9439,HAS_ROUTE,8729
2077,15507,ON_CONTINENT,17248
2078,8901,HAS_ROUTE,9111
2079,14229,IN_COUNTRY,17152
2080,11403,IN_CITY,14801
2081,9436,HAS_ROUTE,11274
2082,8721,HAS_ROUTE,9111
2083,8919,HAS_ROUTE,11249
2084,11315,ON_CONTINENT,17250
2085,8642,HAS_ROUTE,9196
2086,10174,HAS_ROUTE,8762
2087,8679,HAS_ROUTE,8799
2088,10760,HAS_ROUTE,8832
2089,8697,HAS_ROUTE,9326
2090,9085,HAS_ROUTE,8956
2091,8693,HAS_ROUTE,9531
2092,8916,HAS_ROUTE,8644
2093,8860,HAS_ROUTE,9367
2094,12540,IN_REGION,15765
2095,9287,HAS_ROUTE,9994
2096,9063,HAS_ROUTE,8627
2097,12669,ON_CONTINENT,17248
2098,14673,IN_REGION,16078
2099,11661,IN_CITY,15052
2100,16035,IN_COUNTRY,17199
2101,11346,IN_COUNTRY,17125
2102,15068,ON_CONTINENT,17248
2103,8900,HAS_ROUTE,11863
2104,8954,HAS_ROUTE,8878
2105,13104,ON_CONTINENT,17251
2106,8787,HAS_ROUTE,8680
2107,13474,ON_CONTINENT,17249
2108,8803,HAS_ROUTE,8686
2109,12767,IN_REGION,15907
2110,12394,ON_CONTINENT,17248
2111,11396,IN_COUNTRY,17080
2112,8788,HAS_ROUTE,10781
2113,8728,HAS_ROUTE,11255
2114,8686,HAS_ROUTE,9059
2115,8752,HAS_ROUTE,10339
2116,9295,HAS_ROUTE,10159
2117,9175,HAS_ROUTE,8647
2118,9163,HAS_ROUTE,9164
2119,13233,IN_REGION,16106
2120,9104,HAS_ROUTE,8856
2121,8910,HAS_ROUTE,8803
2122,9006,HAS_ROUTE,9522
2123,15828,IN_COUNTRY,17040
2124,8687,HAS_ROUTE,10121
2125,9761,HAS_ROUTE,11616
2126,8907,HAS_ROUTE,8631
2127,10620,HAS_ROUTE,10624
2128,12282,IN_COUNTRY,17026
2129,10397,IN_REGION,15490
2130,9320,HAS_ROUTE,9319
2131,11724,ON_CONTINENT,17253
2132,11897,ON_CONTINENT,17248
2133,8762,HAS_ROUTE,8648
2134,16779,IN_COUNTRY,17044
2135,9436,HAS_ROUTE,11259
2136,15745,ON_CONTINENT,17248
2137,9965,HAS_ROUTE,8695
2138,13222,IN_REGION,15515
2139,10199,HAS_ROUTE,8761
2140,8710,HAS_ROUTE,8877
2141,10124,HAS_ROUTE,9554
2142,8677,HAS_ROUTE,8790
2143,14743,ON_CONTINENT,17250
2144,8983,HAS_ROUTE,8634
2145,16319,IN_COUNTRY,17227
2146,11318,IN_COUNTRY,17044
2147,10734,IN_REGION,16059
2148,10354,IN_COUNTRY,17078
2149,8675,HAS_ROUTE,8740
2150,9584,HAS_ROUTE,8672
2151,12884,IN_COUNTRY,17021
2152,14457,ON_CONTINENT,17250
2153,8902,HAS_ROUTE,9426
2154,8773,HAS_ROUTE,8637
2155,9843,HAS_ROUTE,9150
2156,11387,IN_CITY,14785
2157,8986,HAS_ROUTE,8760
2158,13855,IN_COUNTRY,17135
2159,10108,HAS_ROUTE,10110
2160,11604,IN_CITY,15000
2161,9088,HAS_ROUTE,8796
2162,12083,IN_CITY,15444
2163,9305,HAS_ROUTE,10146
2164,9835,ON_CONTINENT,17249
2165,9317,HAS_ROUTE,8690
2166,13421,ON_CONTINENT,17249
2167,8875,HAS_ROUTE,10670
2168,10225,IN_REGION,16256
2169,9093,HAS_ROUTE,9126
2170,8675,HAS_ROUTE,8960
2171,9567,HAS_ROUTE,8657
2172,8809,IN_CITY,12300
2173,13330,IN_REGION,15518
2174,13067,IN_REGION,15534
2175,8677,HAS_ROUTE,9471
2176,8678,HAS_ROUTE,8674
2177,15649,ON_CONTINENT,17248
2178,8839,HAS_ROUTE,8876
2179,8803,HAS_ROUTE,10569
2180,8703,HAS_ROUTE,8684
2181,10582,IN_REGION,16206
2182,9556,HAS_ROUTE,8657
2183,8824,HAS_ROUTE,8698
2184,9194,HAS_ROUTE,10118
2185,8929,HAS_ROUTE,10515
2186,9067,IN_COUNTRY,17016
2187,9361,IN_REGION,15959
2188,8890,IN_CITY,12376
2189,8672,HAS_ROUTE,8894
2190,12129,IN_COUNTRY,17021
2191,8719,HAS_ROUTE,9433
2192,9341,HAS_ROUTE,11505
2193,11921,IN_CITY,15297
2194,8690,HAS_ROUTE,10153
2195,9297,HAS_ROUTE,9776
2196,11888,ON_CONTINENT,17250
2197,8657,HAS_ROUTE,11909
2198,9440,HAS_ROUTE,8852
2199,9775,HAS_ROUTE,9303
2200,9958,IN_COUNTRY,17027
2201,8832,HAS_ROUTE,9078
2202,8962,HAS_ROUTE,8703
2203,10678,HAS_ROUTE,8754
2204,11794,ON_CONTINENT,17249
2205,9256,IN_COUNTRY,17016
2206,8748,HAS_ROUTE,9298
2207,8659,HAS_ROUTE,8656
2208,8706,HAS_ROUTE,8694
2209,8703,HAS_ROUTE,8734
2210,15416,IN_REGION,16982
2211,9022,HAS_ROUTE,9175
2212,11270,IN_COUNTRY,17114
2213,9288,IN_COUNTRY,17027
2214,10716,IN_CITY,12393
2215,12049,IN_CITY,15416
2216,8818,IN_REGION,15630
2217,9165,HAS_ROUTE,8884
2218,8649,HAS_ROUTE,8643
2219,8773,HAS_ROUTE,8629
2220,9515,ON_CONTINENT,17248
2221,8925,HAS_ROUTE,9193
2222,9068,HAS_ROUTE,8682
2223,9224,HAS_ROUTE,8849
2224,8754,HAS_ROUTE,9173
2225,8785,HAS_ROUTE,10988
2226,10659,IN_COUNTRY,17065
2227,8672,HAS_ROUTE,8931
2228,9175,HAS_ROUTE,8811
2229,9775,HAS_ROUTE,9297
2230,13771,IN_COUNTRY,17091
2231,14802,IN_REGION,16816
2232,9107,HAS_ROUTE,8739
2233,10317,ON_CONTINENT,17252
2234,8840,HAS_ROUTE,8825
2235,10567,IN_CITY,13990
2236,9515,IN_REGION,15499
2237,9391,IN_COUNTRY,17023
2238,9194,HAS_ROUTE,9531
2239,12529,IN_COUNTRY,17016
2240,11036,ON_CONTINENT,17250
2241,10158,IN_COUNTRY,17018
2242,9788,IN_COUNTRY,17016
2243,12228,ON_CONTINENT,17249
2244,16542,IN_COUNTRY,17123
2245,11313,IN_COUNTRY,17044
2246,8842,HAS_ROUTE,8787
2247,8796,HAS_ROUTE,9124
2248,14593,IN_REGION,16690
2249,11802,ON_CONTINENT,17250
2250,10458,HAS_ROUTE,9670
2251,9126,HAS_ROUTE,8970
2252,8973,HAS_ROUTE,8700
2253,9803,HAS_ROUTE,9808
2254,9134,HAS_ROUTE,8696
2255,9339,HAS_ROUTE,8748
2256,10149,IN_REGION,15847
2257,10072,IN_CITY,13503
2258,8972,HAS_ROUTE,9824
2259,16088,IN_COUNTRY,17057
2260,8660,ON_CONTINENT,17248
2261,9505,HAS_ROUTE,9316
2262,8955,HAS_ROUTE,8703
2263,11181,IN_REGION,16683
2264,9301,HAS_ROUTE,10122
2265,9367,HAS_ROUTE,9356
2266,14577,ON_CONTINENT,17253
2267,12581,IN_REGION,15790
2268,9150,IN_CITY,12625
2269,8681,HAS_ROUTE,12056
2270,9823,HAS_ROUTE,11296
2271,8805,HAS_ROUTE,9080
2272,8846,HAS_ROUTE,9911
2273,14296,IN_COUNTRY,17208
2274,8641,HAS_ROUTE,8812
2275,8784,HAS_ROUTE,9609
2276,9929,IN_CITY,13366
2277,11771,IN_COUNTRY,17018
2278,8761,HAS_ROUTE,8986
2279,11132,ON_CONTINENT,17253
2280,8689,HAS_ROUTE,9597
2281,9107,HAS_ROUTE,9081
2282,8804,HAS_ROUTE,8893
2283,9836,ON_CONTINENT,17249
2284,9441,HAS_ROUTE,9442
2285,11279,IN_CITY,14677
2286,11562,IN_COUNTRY,17031
2287,9569,ON_CONTINENT,17248
2288,14428,IN_REGION,15942
2289,15683,ON_CONTINENT,17248
2290,15151,IN_REGION,16102
2291,9056,ON_CONTINENT,17248
2292,8946,HAS_ROUTE,11264
2293,14175,IN_REGION,16510
2294,8766,HAS_ROUTE,8902
2295,15705,IN_COUNTRY,17060
2296,10159,HAS_ROUTE,11572
2297,13312,ON_CONTINENT,17248
2298,9348,HAS_ROUTE,11995
2299,9041,HAS_ROUTE,8637
2300,11382,IN_CITY,14780
2301,8944,HAS_ROUTE,9279
2302,9486,HAS_ROUTE,8694
2303,10349,IN_COUNTRY,17229
2304,9418,HAS_ROUTE,9452
2305,16543,IN_COUNTRY,17118
2306,8703,HAS_ROUTE,9125
2307,15754,IN_COUNTRY,17057
2308,10296,HAS_ROUTE,10611
2309,13143,IN_REGION,15514
2310,9905,HAS_ROUTE,9410
2311,8842,HAS_ROUTE,9831
2312,11219,IN_COUNTRY,17106
2313,8724,HAS_ROUTE,8885
2314,8886,HAS_ROUTE,8678
2315,8717,HAS_ROUTE,9417
2316,8736,HAS_ROUTE,8884
2317,10860,IN_COUNTRY,17161
2318,10267,IN_COUNTRY,17040
2319,12066,IN_REGION,15885
2320,11470,IN_CITY,14867
2321,8816,HAS_ROUTE,8773
2322,8986,HAS_ROUTE,8923
2323,9095,HAS_ROUTE,8686
2324,9319,HAS_ROUTE,8911
2325,8841,IN_CITY,12328
2326,8633,HAS_ROUTE,8804
2327,9336,HAS_ROUTE,8728
2328,10047,HAS_ROUTE,9450
2329,8669,HAS_ROUTE,8637
2330,8722,HAS_ROUTE,8710
2331,8806,HAS_ROUTE,8938
2332,15147,IN_REGION,16868
2333,9732,HAS_ROUTE,11013
2334,12648,IN_REGION,15541
2335,8725,IN_REGION,15551
2336,8807,HAS_ROUTE,8655
2337,9733,HAS_ROUTE,11883
2338,9483,HAS_ROUTE,8902
2339,8724,HAS_ROUTE,8698
2340,11324,IN_REGION,16760
2341,9325,HAS_ROUTE,8680
2342,9238,HAS_ROUTE,8804
2343,10393,HAS_ROUTE,8830
2344,8627,HAS_ROUTE,8673
2345,9632,HAS_ROUTE,8683
2346,8719,HAS_ROUTE,8765
2347,9299,HAS_ROUTE,9408
2348,9840,HAS_ROUTE,8720
2349,10227,HAS_ROUTE,8761
2350,8671,HAS_ROUTE,8673
2351,15603,IN_COUNTRY,17016
2352,9106,HAS_ROUTE,8803
2353,9107,HAS_ROUTE,9262
2354,9444,HAS_ROUTE,8684
2355,9442,ON_CONTINENT,17252
2356,9419,HAS_ROUTE,9137
2357,8832,HAS_ROUTE,9093
2358,8643,HAS_ROUTE,8674
2359,10708,IN_COUNTRY,17016
2360,11579,IN_COUNTRY,17172
2361,8724,HAS_ROUTE,9176
2362,8648,HAS_ROUTE,8870
2363,10602,IN_CITY,14025
2364,8789,HAS_ROUTE,8706
2365,13671,IN_REGION,16274
2366,8952,HAS_ROUTE,9284
2367,8697,HAS_ROUTE,8978
2368,8790,HAS_ROUTE,8732
2369,10748,HAS_ROUTE,8972
2370,9346,HAS_ROUTE,8682
2371,15399,IN_COUNTRY,17065
2372,8875,HAS_ROUTE,8912
2373,12143,IN_COUNTRY,17016
2374,13442,IN_REGION,16192
2375,10527,IN_REGION,15785
2376,8659,HAS_ROUTE,8811
2377,8696,HAS_ROUTE,8673
2378,10731,HAS_ROUTE,9707
2379,8631,HAS_ROUTE,8809
2380,9764,HAS_ROUTE,8673
2381,9664,HAS_ROUTE,9665
2382,9077,HAS_ROUTE,8701
2383,8803,HAS_ROUTE,8956
2384,12609,IN_COUNTRY,17046
2385,8973,HAS_ROUTE,8805
2386,9329,HAS_ROUTE,8697
2387,8819,HAS_ROUTE,8637
2388,9336,HAS_ROUTE,11281
2389,9391,HAS_ROUTE,9316
2390,8876,HAS_ROUTE,10136
2391,16885,IN_COUNTRY,17093
2392,10417,HAS_ROUTE,10422
2393,8803,HAS_ROUTE,10280
2394,10557,IN_COUNTRY,17019
2395,11867,IN_CITY,15253
2396,9829,HAS_ROUTE,8875
2397,10750,IN_COUNTRY,17066
2398,12441,IN_COUNTRY,17033
2399,13153,ON_CONTINENT,17248
2400,8677,HAS_ROUTE,8962
2401,10465,ON_CONTINENT,17248
2402,9832,IN_REGION,16131
2403,9433,HAS_ROUTE,10788
2404,9696,HAS_ROUTE,11672
2405,9664,HAS_ROUTE,8728
2406,15518,IN_COUNTRY,17019
2407,8629,HAS_ROUTE,8897
2408,11481,IN_COUNTRY,17093
2409,8876,HAS_ROUTE,8685
2410,9181,HAS_ROUTE,8766
2411,16564,ON_CONTINENT,17251
2412,8728,HAS_ROUTE,9186
2413,8677,HAS_ROUTE,8634
2414,12059,IN_COUNTRY,17069
2415,14874,ON_CONTINENT,17250
2416,8724,HAS_ROUTE,9905
2417,8696,HAS_ROUTE,9115
2418,11450,IN_REGION,16854
2419,13844,ON_CONTINENT,17251
2420,15760,ON_CONTINENT,17248
2421,9361,HAS_ROUTE,11519
2422,8964,HAS_ROUTE,9419
2423,15585,IN_COUNTRY,17051
2424,17237,ON_CONTINENT,17251
2425,13925,ON_CONTINENT,17248
2426,16192,IN_COUNTRY,17046
2427,10999,IN_COUNTRY,17016
2428,15159,ON_CONTINENT,17248
2429,8718,HAS_ROUTE,8727
2430,9743,HAS_ROUTE,8637
2431,8765,HAS_ROUTE,8703
2432,10210,IN_COUNTRY,17053
2433,8714,HAS_ROUTE,8719
2434,9291,HAS_ROUTE,8963
2435,8692,HAS_ROUTE,8857
2436,8652,IN_CITY,12153
2437,8747,HAS_ROUTE,9285
2438,8748,HAS_ROUTE,9336
2439,10560,HAS_ROUTE,10559
2440,8929,HAS_ROUTE,8787
2441,8821,HAS_ROUTE,8654
2442,15712,IN_COUNTRY,17027
2443,14682,IN_REGION,16740
2444,15478,ON_CONTINENT,17250
2445,8832,HAS_ROUTE,8970
2446,8688,HAS_ROUTE,9972
2447,8762,HAS_ROUTE,10167
2448,15944,ON_CONTINENT,17250
2449,9588,ON_CONTINENT,17248
2450,9284,HAS_ROUTE,8874
2451,9789,IN_CITY,13229
2452,8787,HAS_ROUTE,9856
2453,9841,HAS_ROUTE,8720
2454,8793,HAS_ROUTE,8679
2455,8646,HAS_ROUTE,8773
2456,8733,HAS_ROUTE,8799
2457,9158,HAS_ROUTE,8739
2458,8661,HAS_ROUTE,8864
2459,14681,IN_REGION,16738
2460,12481,IN_REGION,15508
2461,12837,ON_CONTINENT,17250
2462,8637,HAS_ROUTE,8667
2463,9080,HAS_ROUTE,9109
2464,11994,ON_CONTINENT,17248
2465,10263,IN_COUNTRY,17018
2466,9046,HAS_ROUTE,8673
2467,9238,HAS_ROUTE,9900
2468,9298,HAS_ROUTE,8681
2469,8681,HAS_ROUTE,9621
2470,12676,IN_COUNTRY,17155
2471,9831,HAS_ROUTE,8842
2472,16155,IN_COUNTRY,17020
2473,10425,HAS_ROUTE,10426
2474,9473,HAS_ROUTE,8958
2475,16518,ON_CONTINENT,17250
2476,9671,HAS_ROUTE,8693
2477,11442,IN_COUNTRY,17043
2478,10524,IN_CITY,13948
2479,8841,HAS_ROUTE,10944
2480,8803,HAS_ROUTE,9941
2481,8651,HAS_ROUTE,8702
2482,8854,HAS_ROUTE,8701
2483,9145,HAS_ROUTE,8701
2484,9130,HAS_ROUTE,8801
2485,8695,HAS_ROUTE,8706
2486,8849,HAS_ROUTE,8923
2487,13276,ON_CONTINENT,17249
2488,9327,HAS_ROUTE,11906
2489,14232,IN_REGION,16556
2490,14823,IN_REGION,16832
2491,8968,HAS_ROUTE,11299
2492,8732,HAS_ROUTE,8689
2493,11811,IN_COUNTRY,17024
2494,10637,IN_REGION,16452
2495,9547,HAS_ROUTE,8648
2496,13645,IN_COUNTRY,17053
2497,8711,HAS_ROUTE,8644
2498,8974,HAS_ROUTE,9461
2499,9327,HAS_ROUTE,11049
2500,8690,HAS_ROUTE,8678
2501,9225,HAS_ROUTE,9410
2502,9540,IN_REGION,15506
2503,13197,ON_CONTINENT,17248
2504,8727,HAS_ROUTE,8781
2505,8808,HAS_ROUTE,8627
2506,9084,HAS_ROUTE,8679
2507,9632,IN_CITY,13086
2508,10152,HAS_ROUTE,9340
2509,9041,HAS_ROUTE,8711
2510,9859,HAS_ROUTE,8801
2511,15942,ON_CONTINENT,17250
2512,8697,HAS_ROUTE,9296
2513,8761,HAS_ROUTE,8757
2514,9850,HAS_ROUTE,8787
2515,11488,IN_COUNTRY,17093
2516,11050,IN_REGION,16619
2517,8841,HAS_ROUTE,8980
2518,8883,HAS_ROUTE,8714
2519,9107,HAS_ROUTE,9108
2520,8801,HAS_ROUTE,10009
2521,9316,HAS_ROUTE,9407
2522,9419,HAS_ROUTE,8958
2523,8741,HAS_ROUTE,8886
2524,10056,IN_REGION,15620
2525,10362,ON_CONTINENT,17249
2526,8684,HAS_ROUTE,8732
2527,9892,HAS_ROUTE,8888
2528,9371,HAS_ROUTE,9193
2529,9133,HAS_ROUTE,9129
2530,9483,HAS_ROUTE,9432
2531,9893,IN_CITY,13331
2532,8693,HAS_ROUTE,9668
2533,15010,IN_REGION,16394
2534,10124,HAS_ROUTE,8693
2535,8722,HAS_ROUTE,9480
2536,9199,HAS_ROUTE,8919
2537,14926,IN_REGION,15946
2538,11822,ON_CONTINENT,17253
2539,8781,IN_COUNTRY,17068
2540,8692,HAS_ROUTE,8782
2541,8728,HAS_ROUTE,8911
2542,9299,HAS_ROUTE,8729
2543,8792,HAS_ROUTE,9761
2544,9443,HAS_ROUTE,10660
2545,9841,HAS_ROUTE,8900
2546,8886,HAS_ROUTE,8702
2547,8792,IN_CITY,12284
2548,15355,IN_COUNTRY,17031
2549,9129,HAS_ROUTE,8733
2550,9335,HAS_ROUTE,9300
2551,13360,IN_COUNTRY,17022
2552,9138,HAS_ROUTE,8787
2553,8661,HAS_ROUTE,8630
2554,13621,ON_CONTINENT,17253
2555,9143,HAS_ROUTE,8772
2556,10177,IN_COUNTRY,17057
2557,12741,IN_REGION,15509
2558,8897,HAS_ROUTE,8648
2559,8888,ON_CONTINENT,17249
2560,10105,HAS_ROUTE,8876
2561,9227,HAS_ROUTE,8844
2562,8750,HAS_ROUTE,10644
2563,8680,HAS_ROUTE,8702
2564,8830,HAS_ROUTE,8787
2565,9147,HAS_ROUTE,10361
2566,14750,ON_CONTINENT,17250
2567,9938,IN_COUNTRY,17022
2568,11354,IN_REGION,16778
2569,9181,HAS_ROUTE,8705
2570,8628,HAS_ROUTE,8663
2571,8954,HAS_ROUTE,9865
2572,9982,HAS_ROUTE,10055
2573,17221,ON_CONTINENT,17251
2574,11069,IN_CITY,14477
2575,8870,HAS_ROUTE,8816
2576,11567,IN_COUNTRY,17031
2577,8682,ON_CONTINENT,17250
2578,14573,ON_CONTINENT,17253
2579,10442,HAS_ROUTE,10447
2580,14752,ON_CONTINENT,17250
2581,8678,HAS_ROUTE,8671
2582,10679,HAS_ROUTE,11749
2583,8676,HAS_ROUTE,8877
2584,9150,HAS_ROUTE,9142
2585,9430,HAS_ROUTE,8678
2586,12137,IN_REGION,15491
2587,8681,HAS_ROUTE,8634
2588,8680,ON_CONTINENT,17250
2589,8832,HAS_ROUTE,9117
2590,11357,IN_CITY,14755
2591,8811,HAS_ROUTE,8639
2592,11966,ON_CONTINENT,17248
2593,14106,ON_CONTINENT,17252
2594,8719,HAS_ROUTE,8694
2595,16708,IN_COUNTRY,17106
2596,10207,HAS_ROUTE,11132
2597,9775,HAS_ROUTE,8697
2598,11433,IN_COUNTRY,17031
2599,14004,IN_REGION,16206
2600,8790,HAS_ROUTE,8694
2601,10211,IN_CITY,13637
2602,13624,IN_COUNTRY,17053
2603,8696,HAS_ROUTE,8627
2604,8652,HAS_ROUTE,8669
2605,11662,IN_COUNTRY,17129
2606,8657,HAS_ROUTE,8869
2607,8953,HAS_ROUTE,8767
2608,8693,HAS_ROUTE,9084
2609,8909,HAS_ROUTE,8636
2610,9505,HAS_ROUTE,9305
2611,15036,IN_COUNTRY,17018
2612,8832,HAS_ROUTE,8874
2613,15790,ON_CONTINENT,17249
2614,9119,HAS_ROUTE,9419
2615,8777,HAS_ROUTE,8637
2616,8854,HAS_ROUTE,9476
2617,15222,IN_REGION,16378
2618,8878,HAS_ROUTE,8886
2619,8651,HAS_ROUTE,8658
2620,12676,IN_COUNTRY,17246
2621,8634,HAS_ROUTE,9555
2622,8971,HAS_ROUTE,8852
2623,9609,HAS_ROUTE,10095
2624,10105,HAS_ROUTE,9303
2625,8754,IN_CITY,12248
2626,15277,IN_COUNTRY,17117
2627,12229,IN_REGION,15566
2628,12082,IN_COUNTRY,17053
2629,10707,IN_CITY,12220
2630,11073,IN_COUNTRY,17042
2631,12265,ON_CONTINENT,17252
2632,11703,ON_CONTINENT,17250
2633,9769,HAS_ROUTE,8635
2634,10711,HAS_ROUTE,9900
2635,13209,IN_COUNTRY,17018
2636,8657,HAS_ROUTE,9028
2637,9856,HAS_ROUTE,8716
2638,8954,HAS_ROUTE,8877
2639,9842,HAS_ROUTE,8954
2640,9392,IN_REGION,15913
2641,8641,HAS_ROUTE,8763
2642,9246,HAS_ROUTE,8643
2643,8841,HAS_ROUTE,9364
2644,15251,ON_CONTINENT,17250
2645,8928,HAS_ROUTE,8734
2646,9082,HAS_ROUTE,8746
2647,9316,HAS_ROUTE,8682
2648,9337,IN_CITY,12800
2649,11927,IN_REGION,16085
2650,8968,HAS_ROUTE,8684
2651,10764,HAS_ROUTE,8732
2652,8876,HAS_ROUTE,11595
2653,8732,HAS_ROUTE,8700
2654,9209,IN_REGION,15859
2655,17181,ON_CONTINENT,17252
2656,17011,IN_COUNTRY,17069
2657,8877,HAS_ROUTE,9417
2658,9139,HAS_ROUTE,8801
2659,8672,HAS_ROUTE,9075
2660,12756,IN_COUNTRY,17023
2661,10728,IN_CITY,14142
2662,8696,HAS_ROUTE,10200
2663,15176,IN_REGION,15516
2664,9408,HAS_ROUTE,9554
2665,8649,HAS_ROUTE,8631
2666,8643,HAS_ROUTE,9073
2667,11899,IN_COUNTRY,17016
2668,8667,HAS_ROUTE,9696
2669,8684,HAS_ROUTE,8675
2670,14860,ON_CONTINENT,17250
2671,9660,HAS_ROUTE,9331
2672,9150,HAS_ROUTE,11863
2673,11197,IN_REGION,16695
2674,8803,HAS_ROUTE,9113
2675,9048,HAS_ROUTE,9015
2676,8630,HAS_ROUTE,9064
2677,10783,HAS_ROUTE,9142
2678,9108,HAS_ROUTE,8799
2679,9416,HAS_ROUTE,9085
2680,11287,IN_CITY,14685
2681,8751,HAS_ROUTE,9173
2682,8700,HAS_ROUTE,9412
2683,12607,ON_CONTINENT,17249
2684,8657,HAS_ROUTE,8634
2685,8877,HAS_ROUTE,9424
2686,8700,HAS_ROUTE,8742
2687,12707,ON_CONTINENT,17248
2688,9803,HAS_ROUTE,9809
2689,10574,HAS_ROUTE,10581
2690,9851,HAS_ROUTE,8694
2691,10192,HAS_ROUTE,10210
2692,9137,HAS_ROUTE,9138
2693,9543,IN_REGION,15693
2694,9424,HAS_ROUTE,8787
2695,15587,ON_CONTINENT,17253
2696,8676,HAS_ROUTE,8902
2697,8640,HAS_ROUTE,8643
2698,8738,HAS_ROUTE,9097
2699,9189,IN_CITY,12661
2700,10327,IN_COUNTRY,17050
2701,9918,HAS_ROUTE,8666
2702,9865,IN_REGION,15804
2703,10482,HAS_ROUTE,10502
2704,13883,ON_CONTINENT,17248
2705,14466,IN_COUNTRY,17042
2706,9580,IN_REGION,16059
2707,11356,ON_CONTINENT,17249
2708,17154,ON_CONTINENT,17253
2709,10575,IN_COUNTRY,17041
2710,8630,HAS_ROUTE,9253
2711,11344,ON_CONTINENT,17250
2712,15347,ON_CONTINENT,17250
2713,8699,HAS_ROUTE,8700
2714,9429,HAS_ROUTE,8843
2715,11312,IN_COUNTRY,17044
2716,13313,IN_REGION,15517
2717,9486,HAS_ROUTE,11311
2718,9877,IN_REGION,15517
2719,8979,HAS_ROUTE,9148
2720,9161,HAS_ROUTE,8699
2721,8637,HAS_ROUTE,8659
2722,11420,IN_CITY,14817
2723,9576,HAS_ROUTE,8640
2724,9666,HAS_ROUTE,8944
2725,16783,ON_CONTINENT,17249
2726,8718,HAS_ROUTE,8735
2727,8860,HAS_ROUTE,11492
2728,8641,HAS_ROUTE,9679
2729,12441,IN_REGION,15719
2730,8677,IN_REGION,15519
2731,9080,HAS_ROUTE,9419
2732,8682,HAS_ROUTE,9773
2733,8644,HAS_ROUTE,9256
2734,8631,HAS_ROUTE,9710
2735,9131,HAS_ROUTE,8675
2736,9412,HAS_ROUTE,8739
2737,9821,IN_CITY,13260
2738,9324,IN_COUNTRY,17043
2739,10184,HAS_ROUTE,10191
2740,9413,HAS_ROUTE,9419
2741,9160,HAS_ROUTE,10565
2742,9818,HAS_ROUTE,8962
2743,8954,IN_REGION,15717
2744,14014,IN_REGION,16294
2745,9001,HAS_ROUTE,8627
2746,12962,IN_REGION,15499
2747,9041,IN_COUNTRY,17131
2748,9080,HAS_ROUTE,12129
2749,8947,HAS_ROUTE,9808
2750,17152,ON_CONTINENT,17248
2751,8886,HAS_ROUTE,8686
2752,15298,ON_CONTINENT,17250
2753,10298,HAS_ROUTE,8958
2754,8634,HAS_ROUTE,8843
2755,8718,HAS_ROUTE,9108
2756,10118,IN_REGION,16056
2757,9969,HAS_ROUTE,8685
2758,9286,HAS_ROUTE,8856
2759,9536,IN_CITY,12993
2760,8689,HAS_ROUTE,8791
2761,8706,HAS_ROUTE,8642
2762,14435,IN_REGION,16601
2763,9264,HAS_ROUTE,10863
2764,8665,IN_COUNTRY,17016
2765,15444,ON_CONTINENT,17252
2766,8629,HAS_ROUTE,8634
2767,9080,HAS_ROUTE,9995
2768,9297,HAS_ROUTE,9305
2769,9257,HAS_ROUTE,9900
2770,8952,HAS_ROUTE,8735
2771,15724,ON_CONTINENT,17250
2772,9419,HAS_ROUTE,9085
2773,9419,HAS_ROUTE,10055
2774,15274,IN_REGION,16936
2775,9089,HAS_ROUTE,9138
2776,13898,ON_CONTINENT,17248
2777,8851,HAS_ROUTE,9065
2778,8833,HAS_ROUTE,11398
2779,8878,HAS_ROUTE,8723
2780,8787,HAS_ROUTE,10887
2781,13777,IN_COUNTRY,17145
2782,10019,IN_CITY,13452
2783,8956,HAS_ROUTE,10758
2784,8643,HAS_ROUTE,9695
2785,8675,HAS_ROUTE,8944
2786,8986,HAS_ROUTE,11175
2787,10324,HAS_ROUTE,8752
2788,15291,IN_COUNTRY,17016
2789,9419,HAS_ROUTE,8741
2790,10697,ON_CONTINENT,17250
2791,9442,IN_CITY,12901
2792,9823,HAS_ROUTE,10747
2793,9220,HAS_ROUTE,9218
2794,8824,HAS_ROUTE,9085
2795,12324,IN_REGION,15643
2796,8693,HAS_ROUTE,8719
2797,10430,ON_CONTINENT,17251
2798,8794,HAS_ROUTE,8686
2799,8765,HAS_ROUTE,10016
2800,10639,IN_REGION,16454
2801,8706,HAS_ROUTE,9416
2802,12165,ON_CONTINENT,17248
2803,8728,HAS_ROUTE,9079
2804,8651,HAS_ROUTE,8634
2805,10723,HAS_ROUTE,8635
2806,8957,HAS_ROUTE,9128
2807,9197,HAS_ROUTE,8651
2808,8797,HAS_ROUTE,9413
2809,9325,HAS_ROUTE,11444
2810,10351,HAS_ROUTE,8754
2811,12879,IN_COUNTRY,17032
2812,8649,HAS_ROUTE,8696
2813,9695,ON_CONTINENT,17248
2814,8952,HAS_ROUTE,8696
2815,8787,HAS_ROUTE,9433
2816,8677,HAS_ROUTE,9467
2817,9947,HAS_ROUTE,8744
2818,13618,ON_CONTINENT,17253
2819,9100,HAS_ROUTE,9136
2820,9043,HAS_ROUTE,8637
2821,8839,HAS_ROUTE,8831
2822,9059,HAS_ROUTE,9094
2823,10116,ON_CONTINENT,17250
2824,12160,ON_CONTINENT,17248
2825,9161,HAS_ROUTE,8723
2826,15978,ON_CONTINENT,17250
2827,13282,ON_CONTINENT,17249
2828,8704,HAS_ROUTE,9048
2829,9230,HAS_ROUTE,9477
2830,8877,HAS_ROUTE,9479
2831,8732,HAS_ROUTE,8702
2832,10060,IN_CITY,13493
2833,10903,IN_CITY,14314
2834,12995,ON_CONTINENT,17248
2835,9082,HAS_ROUTE,11455
2836,12242,IN_REGION,15981
2837,8690,HAS_ROUTE,10114
2838,9513,HAS_ROUTE,9577
2839,8716,HAS_ROUTE,9077
2840,8770,HAS_ROUTE,8705
2841,12417,IN_COUNTRY,17016
2842,8672,HAS_ROUTE,9152
2843,8686,HAS_ROUTE,8879
2844,9670,HAS_ROUTE,9336
2845,10819,IN_REGION,16556
2846,9212,HAS_ROUTE,10208
2847,12046,IN_CITY,15413
2848,11712,IN_CITY,15103
2849,8861,HAS_ROUTE,9367
2850,10825,ON_CONTINENT,17248
2851,16007,IN_COUNTRY,17182
2852,10461,IN_CITY,13885
2853,8972,HAS_ROUTE,8739
2854,8719,HAS_ROUTE,9936
2855,8716,HAS_ROUTE,9145
2856,8874,HAS_ROUTE,9284
2857,9412,HAS_ROUTE,9413
2858,12820,IN_REGION,15955
2859,9696,HAS_ROUTE,8810
2860,8673,HAS_ROUTE,8680
2861,8638,HAS_ROUTE,8774
2862,9433,HAS_ROUTE,8705
2863,8881,HAS_ROUTE,8722
2864,8657,HAS_ROUTE,8891
2865,10967,IN_COUNTRY,17016
2866,8642,HAS_ROUTE,8772
2867,9666,HAS_ROUTE,9661
2868,10489,IN_COUNTRY,17018
2869,8910,HAS_ROUTE,8881
2870,10762,IN_CITY,14176
2871,12209,ON_CONTINENT,17248
2872,8972,HAS_ROUTE,8881
2873,8719,HAS_ROUTE,8678
2874,8703,HAS_ROUTE,10054
2875,9107,HAS_ROUTE,8874
2876,9345,IN_COUNTRY,17034
2877,10327,HAS_ROUTE,8752
2878,9900,HAS_ROUTE,8866
2879,9917,HAS_ROUTE,8666
2880,8673,HAS_ROUTE,9186
2881,9761,HAS_ROUTE,8792
2882,17119,ON_CONTINENT,17250
2883,8634,HAS_ROUTE,9032
2884,14214,IN_REGION,16548
2885,10113,IN_REGION,16076
2886,11073,IN_CITY,14481
2887,11671,ON_CONTINENT,17250
2888,8843,HAS_ROUTE,8721
2889,9336,HAS_ROUTE,9436
2890,8752,HAS_ROUTE,10333
2891,9988,IN_CITY,13423
2892,10293,HAS_ROUTE,8733
2893,8710,HAS_ROUTE,9125
2894,8644,HAS_ROUTE,8731
2895,9088,HAS_ROUTE,8740
2896,17031,ON_CONTINENT,17250
2897,9203,IN_CITY,12673
2898,9178,HAS_ROUTE,9132
2899,9840,HAS_ROUTE,8767
2900,16704,ON_CONTINENT,17253
2901,11744,ON_CONTINENT,17248
2902,10364,IN_COUNTRY,17230
2903,8781,HAS_ROUTE,9304
2904,8650,HAS_ROUTE,8637
2905,9316,HAS_ROUTE,11035
2906,11382,IN_REGION,16797
2907,10138,HAS_ROUTE,9408
2908,9251,IN_COUNTRY,17016
2909,8944,HAS_ROUTE,8706
2910,9827,IN_REGION,16129
2911,9264,ON_CONTINENT,17251
2912,8694,HAS_ROUTE,8874
2913,9352,HAS_ROUTE,9485
2914,9415,IN_COUNTRY,17047
2915,8726,HAS_ROUTE,11067
2916,8966,IN_CITY,12450
2917,10520,IN_CITY,13944
2918,8627,HAS_ROUTE,9032
2919,8902,HAS_ROUTE,9123
2920,8641,HAS_ROUTE,8869
2921,8748,HAS_ROUTE,11563
2922,8685,HAS_ROUTE,9290
2923,9020,HAS_ROUTE,8637
2924,10840,IN_COUNTRY,17105
2925,8727,HAS_ROUTE,8791
2926,9739,HAS_ROUTE,8628
2927,8855,HAS_ROUTE,9126
2928,9231,HAS_ROUTE,8648
2929,8920,HAS_ROUTE,8687
2930,8972,HAS_ROUTE,10017
2931,8772,HAS_ROUTE,8787
2932,9481,HAS_ROUTE,8955
2933,8787,HAS_ROUTE,8736
2934,15515,ON_CONTINENT,17248
2935,10566,IN_CITY,13989
2936,8734,HAS_ROUTE,8766
2937,8728,HAS_ROUTE,10015
2938,8758,HAS_ROUTE,8923
2939,9460,IN_COUNTRY,17192
2940,16775,ON_CONTINENT,17250
2941,10013,IN_CITY,13447
2942,10413,IN_REGION,16355
2943,12965,ON_CONTINENT,17250
2944,10064,HAS_ROUTE,8725
2945,10131,HAS_ROUTE,9299
2946,11776,ON_CONTINENT,17250
2947,15351,IN_REGION,15571
2948,9059,HAS_ROUTE,8701
2949,9410,HAS_ROUTE,9418
2950,11225,IN_COUNTRY,17106
2951,8702,HAS_ROUTE,8739
2952,11074,ON_CONTINENT,17250
2953,9112,HAS_ROUTE,9479
2954,10526,IN_CITY,13950
2955,8752,HAS_ROUTE,8754
2956,8791,HAS_ROUTE,11457
2957,8866,HAS_ROUTE,8717
2958,8736,HAS_ROUTE,9137
2959,9286,HAS_ROUTE,8721
2960,10781,HAS_ROUTE,9145
2961,9040,IN_REGION,15756
2962,9357,HAS_ROUTE,9367
2963,8639,HAS_ROUTE,8875
2964,9450,HAS_ROUTE,8738
2965,9410,HAS_ROUTE,9997
2966,10026,HAS_ROUTE,9081
2967,17100,ON_CONTINENT,17250
2968,9436,HAS_ROUTE,11263
2969,9346,HAS_ROUTE,9342
2970,10360,ON_CONTINENT,17249
2971,8876,HAS_ROUTE,8684
2972,15091,IN_REGION,15534
2973,9404,ON_CONTINENT,17250
2974,8886,HAS_ROUTE,9416
2975,15014,IN_COUNTRY,17016
2976,10112,HAS_ROUTE,11941
2977,9122,HAS_ROUTE,8720
2978,14686,ON_CONTINENT,17250
2979,8732,HAS_ROUTE,8765
2980,8873,HAS_ROUTE,8841
2981,14819,IN_REGION,16828
2982,9831,HAS_ROUTE,8962
2983,8638,HAS_ROUTE,9201
2984,8730,HAS_ROUTE,9310
2985,9566,IN_CITY,13022
2986,9434,HAS_ROUTE,8703
2987,8674,HAS_ROUTE,9881
2988,9077,HAS_ROUTE,10008
2989,8782,IN_CITY,12274
2990,14740,ON_CONTINENT,17250
2991,13421,IN_COUNTRY,17019
2992,8691,HAS_ROUTE,9643
2993,8684,HAS_ROUTE,11319
2994,8905,IN_CITY,12391
2995,16797,IN_COUNTRY,17027
2996,8876,HAS_ROUTE,9301
2997,9237,HAS_ROUTE,8644
2998,12775,IN_COUNTRY,17023
2999,10727,HAS_ROUTE,8804
